Date,Invoice Number,Supplier Name,Description of Goods/Services,Quantity,Unit Price,Total
7/1/2024,PINV2212,Engen,Gasoline Delivery,25000,1.18,29500
7/1/2024,PINV2240,Total,Gasoline Delivery,20000,1.23,24600
7/1/2024,PINV2007,Total,Gasoline Delivery,25000,1.18,29500
7/1/2024,PINV2006,Total,Gasoline Delivery,25000,1.31,32750
7/1/2024,PINV2252,Engen,Diesel Delivery,30000,1.29,38700
7/1/2024,PINV2363,Total,Gasoline Delivery,25000,1.29,32250
7/2/2024,PINV2074,Engen,Gasoline Delivery,20000,1.17,23400
7/2/2024,PINV2207,Total,Diesel Delivery,30000,1.07,32100
7/2/2024,PINV2314,Engen,Diesel Delivery,15000,1.05,15750
7/2/2024,PINV2380,Engen,Gasoline Delivery,30000,1.23,36900
7/2/2024,PINV2139,Total,Gasoline Delivery,20000,1.32,26400
7/3/2024,PINV2452,Total,Gasoline Delivery,15000,1.31,19650
7/3/2024,PINV2003,Total,Gasoline Delivery,15000,1.17,17550
7/3/2024,PINV2368,Total,Diesel Delivery,15000,1.23,18450
7/3/2024,PINV2234,Engen,Diesel Delivery,20000,1.05,21000
7/3/2024,PINV2351,Engen,Diesel Delivery,25000,1.1,27500
7/3/2024,PINV2339,Engen,Gasoline Delivery,30000,1.23,36900
7/3/2024,PINV2243,Total,Gasoline Delivery,25000,1.29,32250
7/3/2024,PINV2071,Engen,Diesel Delivery,15000,1.1,16500
7/4/2024,PINV2300,Engen,Gasoline Delivery,20000,1.24,24800
7/4/2024,PINV2243,Engen,Diesel Delivery,20000,1.11,22200
7/4/2024,PINV2335,Total,Gasoline Delivery,20000,1.14,22800
7/5/2024,PINV2295,Total,Gasoline Delivery,20000,1.28,25600
7/5/2024,PINV2391,Engen,Diesel Delivery,15000,1.11,16650
7/5/2024,PINV2285,Engen,Gasoline Delivery,20000,1.27,25400
7/5/2024,PINV2523,Engen,Gasoline Delivery,30000,1.22,36600
7/5/2024,PINV2553,Engen,Gasoline Delivery,15000,1.13,16950
7/6/2024,PINV2390,Total,Diesel Delivery,15000,1.27,19050
7/6/2024,PINV2393,Total,Gasoline Delivery,30000,1.18,35400
7/6/2024,PINV2055,Engen,Diesel Delivery,20000,1.21,24200
7/6/2024,PINV2473,Engen,Gasoline Delivery,20000,1.33,26600
7/6/2024,PINV2029,Engen,Gasoline Delivery,30000,1.31,39300
7/6/2024,PINV2371,Engen,Gasoline Delivery,25000,1.15,28750
7/7/2024,PINV2061,Total,Diesel Delivery,25000,1.26,31500
7/7/2024,PINV2147,Engen,Gasoline Delivery,25000,1.16,29000
7/7/2024,PINV2174,Engen,Gasoline Delivery,20000,1.23,24600
7/7/2024,PINV2034,Total,Gasoline Delivery,20000,1.31,26200
7/7/2024,PINV2177,Engen,Gasoline Delivery,20000,1.13,22600
7/7/2024,PINV2182,Engen,Gasoline Delivery,30000,1.22,36600
7/7/2024,PINV2101,Engen,Diesel Delivery,30000,1.1,33000
7/7/2024,PINV2051,Engen,Diesel Delivery,25000,1.2,30000
7/7/2024,PINV2035,Total,Gasoline Delivery,20000,1.15,23000
7/8/2024,PINV2119,Total,Diesel Delivery,15000,1.21,18150
7/8/2024,PINV2374,Engen,Gasoline Delivery,30000,1.16,34800
7/8/2024,PINV2284,Engen,Diesel Delivery,15000,1.12,16800
7/8/2024,PINV2197,Engen,Diesel Delivery,15000,1.26,18900
7/8/2024,PINV2453,Engen,Gasoline Delivery,30000,1.19,35700
7/8/2024,PINV2012,Total,Diesel Delivery,20000,1.26,25200
7/8/2024,PINV2267,Engen,Diesel Delivery,30000,1.25,37500
7/8/2024,PINV2008,Engen,Gasoline Delivery,25000,1.13,28250
7/8/2024,PINV2024,Engen,Gasoline Delivery,20000,1.35,27000
7/9/2024,PINV2388,Engen,Diesel Delivery,20000,1.28,25600
7/9/2024,PINV2266,Total,Diesel Delivery,15000,1.06,15900
7/9/2024,PINV2491,Engen,Gasoline Delivery,20000,1.33,26600
7/9/2024,PINV2146,Total,Gasoline Delivery,20000,1.31,26200
7/9/2024,PINV2333,Total,Gasoline Delivery,30000,1.15,34500
7/9/2024,PINV2016,Engen,Gasoline Delivery,30000,1.22,36600
7/10/2024,PINV2014,Engen,Diesel Delivery,30000,1.06,31800
7/10/2024,PINV2277,Engen,Gasoline Delivery,15000,1.23,18450
7/10/2024,PINV2286,Engen,Diesel Delivery,25000,1.09,27250
7/10/2024,PINV2298,Engen,Diesel Delivery,20000,1.21,24200
7/10/2024,PINV2344,Total,Gasoline Delivery,25000,1.1,27500
7/11/2024,PINV2114,Engen,Gasoline Delivery,20000,1.34,26800
7/11/2024,PINV2291,Engen,Diesel Delivery,30000,1.25,37500
7/12/2024,PINV2472,Engen,Gasoline Delivery,25000,1.17,29250
7/12/2024,PINV2224,Engen,Diesel Delivery,20000,1.19,23800
7/12/2024,PINV2192,Engen,Gasoline Delivery,30000,1.25,37500
7/12/2024,PINV2382,Total,Diesel Delivery,25000,1.22,30500
7/12/2024,PINV2490,Engen,Gasoline Delivery,25000,1.16,29000
7/12/2024,PINV2210,Engen,Diesel Delivery,30000,1.1,33000
7/12/2024,PINV2493,Engen,Gasoline Delivery,30000,1.15,34500
7/12/2024,PINV2131,Total,Diesel Delivery,25000,1.08,27000
7/12/2024,PINV2231,Engen,Diesel Delivery,20000,1.16,23200
7/13/2024,PINV2226,Engen,Gasoline Delivery,30000,1.29,38700
7/13/2024,PINV2249,Total,Diesel Delivery,15000,1.06,15900
7/13/2024,PINV2193,Total,Diesel Delivery,30000,1.09,32700
7/14/2024,PINV2406,Engen,Diesel Delivery,30000,1.23,36900
7/14/2024,PINV2311,Engen,Gasoline Delivery,15000,1.32,19800
7/14/2024,PINV2058,Engen,Diesel Delivery,25000,1.2,30000
7/14/2024,PINV2361,Total,Diesel Delivery,25000,1.29,32250
7/14/2024,PINV2438,Total,Gasoline Delivery,25000,1.2,30000
7/15/2024,PINV2210,Engen,Gasoline Delivery,30000,1.14,34200
7/15/2024,PINV2108,Total,Diesel Delivery,20000,1.18,23600
7/15/2024,PINV2205,Total,Diesel Delivery,15000,1.28,19200
7/15/2024,PINV2039,Engen,Diesel Delivery,25000,1.25,31250
7/16/2024,PINV2103,Engen,Gasoline Delivery,20000,1.26,25200
7/16/2024,PINV2511,Engen,Gasoline Delivery,20000,1.15,23000
7/16/2024,PINV2084,Engen,Gasoline Delivery,25000,1.3,32500
7/16/2024,PINV2503,Total,Gasoline Delivery,15000,1.21,18150
7/16/2024,PINV2369,Total,Gasoline Delivery,25000,1.3,32500
7/16/2024,PINV2450,Total,Gasoline Delivery,15000,1.31,19650
7/16/2024,PINV2044,Total,Gasoline Delivery,25000,1.19,29750
7/16/2024,PINV2156,Total,Diesel Delivery,20000,1.17,23400
7/16/2024,PINV2438,Engen,Diesel Delivery,20000,1.18,23600
7/17/2024,PINV2312,Engen,Diesel Delivery,30000,1.15,34500
7/17/2024,PINV2046,Engen,Diesel Delivery,15000,1.28,19200
7/17/2024,PINV2022,Engen,Diesel Delivery,20000,1.21,24200
7/18/2024,PINV2555,Engen,Gasoline Delivery,15000,1.17,17550
7/18/2024,PINV2524,Total,Gasoline Delivery,15000,1.19,17850
7/18/2024,PINV2338,Engen,Gasoline Delivery,30000,1.34,40200
7/18/2024,PINV2251,Engen,Diesel Delivery,20000,1.12,22400
7/18/2024,PINV2295,Total,Diesel Delivery,20000,1.19,23800
7/19/2024,PINV2342,Engen,Gasoline Delivery,25000,1.17,29250
7/19/2024,PINV2167,Total,Gasoline Delivery,20000,1.27,25400
7/19/2024,PINV2021,Total,Gasoline Delivery,20000,1.19,23800
7/19/2024,PINV2241,Engen,Gasoline Delivery,25000,1.35,33750
7/19/2024,PINV2195,Engen,Gasoline Delivery,30000,1.16,34800
7/20/2024,PINV2271,Engen,Gasoline Delivery,20000,1.31,26200
7/20/2024,PINV2228,Engen,Diesel Delivery,15000,1.23,18450
7/20/2024,PINV2072,Total,Gasoline Delivery,30000,1.26,37800
7/20/2024,PINV2519,Total,Gasoline Delivery,20000,1.31,26200
7/20/2024,PINV2100,Total,Diesel Delivery,30000,1.14,34200
7/20/2024,PINV2345,Engen,Diesel Delivery,15000,1.28,19200
7/20/2024,PINV2170,Engen,Gasoline Delivery,20000,1.32,26400
7/21/2024,PINV2028,Total,Diesel Delivery,15000,1.14,17100
7/21/2024,PINV2002,Engen,Gasoline Delivery,25000,1.26,31500
7/21/2024,PINV2038,Engen,Gasoline Delivery,20000,1.25,25000
7/22/2024,PINV2417,Total,Gasoline Delivery,15000,1.17,17550
7/22/2024,PINV2043,Total,Gasoline Delivery,15000,1.31,19650
7/22/2024,PINV2166,Engen,Gasoline Delivery,25000,1.23,30750
7/22/2024,PINV2081,Total,Gasoline Delivery,30000,1.28,38400
7/22/2024,PINV2134,Total,Gasoline Delivery,15000,1.21,18150
7/23/2024,PINV2095,Engen,Diesel Delivery,20000,1.16,23200
7/23/2024,PINV2447,Engen,Diesel Delivery,15000,1.09,16350
7/23/2024,PINV2378,Total,Gasoline Delivery,25000,1.24,31000
7/24/2024,PINV2018,Engen,Diesel Delivery,20000,1.17,23400
7/24/2024,PINV2352,Total,Gasoline Delivery,25000,1.28,32000
7/24/2024,PINV2109,Engen,Gasoline Delivery,25000,1.31,32750
7/24/2024,PINV2168,Total,Diesel Delivery,25000,1.19,29750
7/24/2024,PINV2113,Engen,Gasoline Delivery,15000,1.26,18900
7/24/2024,PINV2055,Engen,Gasoline Delivery,20000,1.24,24800
7/24/2024,PINV2091,Engen,Gasoline Delivery,15000,1.13,16950
7/25/2024,PINV2351,Engen,Gasoline Delivery,30000,1.19,35700
7/25/2024,PINV2189,Engen,Diesel Delivery,30000,1.17,35100
7/25/2024,PINV2357,Total,Diesel Delivery,25000,1.09,27250
7/25/2024,PINV2366,Total,Gasoline Delivery,30000,1.18,35400
7/25/2024,PINV2090,Total,Gasoline Delivery,15000,1.19,17850
7/25/2024,PINV2242,Engen,Diesel Delivery,25000,1.11,27750
7/25/2024,PINV2194,Engen,Diesel Delivery,20000,1.24,24800
7/26/2024,PINV2136,Total,Gasoline Delivery,20000,1.22,24400
7/26/2024,PINV2283,Engen,Gasoline Delivery,30000,1.18,35400
7/27/2024,PINV2372,Total,Diesel Delivery,30000,1.16,34800
7/27/2024,PINV2341,Total,Gasoline Delivery,15000,1.1,16500
7/27/2024,PINV2130,Engen,Diesel Delivery,25000,1.16,29000
7/27/2024,PINV2140,Engen,Gasoline Delivery,30000,1.26,37800
7/27/2024,PINV2133,Engen,Diesel Delivery,15000,1.15,17250
7/28/2024,PINV2540,Total,Gasoline Delivery,15000,1.19,17850
7/28/2024,PINV2327,Engen,Gasoline Delivery,30000,1.14,34200
7/28/2024,PINV2054,Total,Diesel Delivery,20000,1.25,25000
7/28/2024,PINV2135,Total,Gasoline Delivery,15000,1.33,19950
7/28/2024,PINV2189,Total,Gasoline Delivery,15000,1.27,19050
7/28/2024,PINV2142,Engen,Diesel Delivery,25000,1.11,27750
7/29/2024,PINV2123,Engen,Gasoline Delivery,30000,1.35,40500
7/29/2024,PINV2324,Total,Diesel Delivery,25000,1.11,27750
7/29/2024,PINV2106,Total,Gasoline Delivery,15000,1.12,16800
7/29/2024,PINV2396,Total,Diesel Delivery,25000,1.08,27000
7/29/2024,PINV2278,Engen,Diesel Delivery,25000,1.15,28750
7/30/2024,PINV2181,Engen,Gasoline Delivery,30000,1.3,39000
7/30/2024,PINV2315,Total,Diesel Delivery,20000,1.13,22600
7/30/2024,PINV2085,Engen,Gasoline Delivery,15000,1.13,16950
7/30/2024,PINV2212,Total,Diesel Delivery,15000,1.16,17400
7/30/2024,PINV2113,Engen,Diesel Delivery,15000,1.14,17100
7/30/2024,PINV2197,Total,Gasoline Delivery,30000,1.32,39600
7/31/2024,PINV2307,Engen,Gasoline Delivery,30000,1.19,35700
7/31/2024,PINV2162,Engen,Diesel Delivery,15000,1.22,18300
7/31/2024,PINV2549,Engen,Gasoline Delivery,15000,1.24,18600
7/31/2024,PINV2071,Total,Gasoline Delivery,25000,1.13,28250
7/31/2024,PINV2432,Engen,Gasoline Delivery,20000,1.14,22800
7/31/2024,PINV2320,Engen,Gasoline Delivery,20000,1.17,23400
7/31/2024,PINV2154,Engen,Diesel Delivery,15000,1.17,17550
8/1/2024,PINV2408,Engen,Gasoline Delivery,30000,1.23,36900
8/1/2024,PINV2199,Engen,Gasoline Delivery,25000,1.25,31250
8/1/2024,PINV2225,Engen,Diesel Delivery,15000,1.13,16950
8/1/2024,PINV2150,Engen,Gasoline Delivery,30000,1.33,39900
8/1/2024,PINV2531,Total,Gasoline Delivery,15000,1.27,19050
8/1/2024,PINV2088,Total,Gasoline Delivery,20000,1.16,23200
8/2/2024,PINV2545,Engen,Gasoline Delivery,25000,1.2,30000
8/2/2024,PINV2039,Total,Gasoline Delivery,15000,1.24,18600
8/2/2024,PINV2041,Engen,Gasoline Delivery,25000,1.15,28750
8/2/2024,PINV2499,Engen,Gasoline Delivery,15000,1.25,18750
8/2/2024,PINV2399,Engen,Diesel Delivery,25000,1.28,32000
8/2/2024,PINV2032,Total,Diesel Delivery,15000,1.12,16800
8/3/2024,PINV2020,Total,Diesel Delivery,25000,1.22,30500
8/3/2024,PINV2027,Engen,Diesel Delivery,30000,1.09,32700
8/4/2024,PINV2053,Engen,Diesel Delivery,20000,1.09,21800
8/4/2024,PINV2394,Total,Gasoline Delivery,25000,1.12,28000
8/4/2024,PINV2033,Engen,Diesel Delivery,15000,1.07,16050
8/4/2024,PINV2457,Engen,Gasoline Delivery,25000,1.34,33500
8/4/2024,PINV2343,Engen,Diesel Delivery,25000,1.19,29750
8/4/2024,PINV2311,Engen,Diesel Delivery,20000,1.2,24000
8/4/2024,PINV2282,Engen,Gasoline Delivery,30000,1.33,39900
8/5/2024,PINV2141,Total,Gasoline Delivery,15000,1.14,17100
8/5/2024,PINV2101,Total,Gasoline Delivery,25000,1.2,30000
8/5/2024,PINV2514,Total,Gasoline Delivery,20000,1.26,25200
8/5/2024,PINV2463,Total,Diesel Delivery,20000,1.13,22600
8/5/2024,PINV2337,Engen,Gasoline Delivery,30000,1.24,37200
8/5/2024,PINV2027,Total,Gasoline Delivery,30000,1.3,39000
8/5/2024,PINV2532,Total,Gasoline Delivery,15000,1.19,17850
8/5/2024,PINV2541,Total,Gasoline Delivery,15000,1.12,16800
8/5/2024,PINV2421,Total,Diesel Delivery,15000,1.27,19050
8/5/2024,PINV2437,Engen,Gasoline Delivery,25000,1.17,29250
8/6/2024,PINV2173,Total,Gasoline Delivery,30000,1.12,33600
8/6/2024,PINV2238,Engen,Diesel Delivery,15000,1.13,16950
8/6/2024,PINV2288,Engen,Diesel Delivery,25000,1.08,27000
8/6/2024,PINV2349,Total,Gasoline Delivery,15000,1.14,17100
8/6/2024,PINV2092,Engen,Diesel Delivery,25000,1.07,26750
8/6/2024,PINV2190,Engen,Diesel Delivery,30000,1.17,35100
8/6/2024,PINV2143,Total,Gasoline Delivery,30000,1.24,37200
8/6/2024,PINV2370,Engen,Diesel Delivery,15000,1.06,15900
8/7/2024,PINV2255,Engen,Diesel Delivery,25000,1.26,31500
8/7/2024,PINV2322,Engen,Diesel Delivery,20000,1.28,25600
8/7/2024,PINV2184,Total,Diesel Delivery,20000,1.2,24000
8/7/2024,PINV2183,Total,Gasoline Delivery,25000,1.11,27750
8/7/2024,PINV2262,Engen,Diesel Delivery,20000,1.16,23200
8/7/2024,PINV2508,Total,Gasoline Delivery,15000,1.31,19650
8/8/2024,PINV2123,Total,Diesel Delivery,25000,1.27,31750
8/9/2024,PINV2126,Total,Gasoline Delivery,15000,1.24,18600
8/9/2024,PINV2081,Engen,Diesel Delivery,20000,1.16,23200
8/9/2024,PINV2299,Total,Diesel Delivery,30000,1.06,31800
8/9/2024,PINV2333,Engen,Diesel Delivery,30000,1.05,31500
8/9/2024,PINV2229,Total,Gasoline Delivery,20000,1.19,23800
8/10/2024,PINV2245,Total,Gasoline Delivery,15000,1.23,18450
8/10/2024,PINV2533,Engen,Gasoline Delivery,15000,1.14,17100
8/10/2024,PINV2143,Engen,Diesel Delivery,25000,1.29,32250
8/11/2024,PINV2525,Total,Gasoline Delivery,20000,1.16,23200
8/11/2024,PINV2354,Total,Diesel Delivery,15000,1.26,18900
8/11/2024,PINV2097,Total,Gasoline Delivery,20000,1.11,22200
8/11/2024,PINV2177,Total,Diesel Delivery,25000,1.21,30250
8/11/2024,PINV2128,Engen,Gasoline Delivery,30000,1.16,34800
8/11/2024,PINV2420,Engen,Diesel Delivery,15000,1.09,16350
8/11/2024,PINV2488,Engen,Gasoline Delivery,20000,1.31,26200
8/11/2024,PINV2023,Total,Gasoline Delivery,25000,1.34,33500
8/11/2024,PINV2485,Engen,Gasoline Delivery,25000,1.18,29500
8/11/2024,PINV2304,Engen,Diesel Delivery,15000,1.3,19500
8/12/2024,PINV2260,Total,Gasoline Delivery,15000,1.23,18450
8/12/2024,PINV2354,Engen,Gasoline Delivery,30000,1.28,38400
8/12/2024,PINV2005,Engen,Gasoline Delivery,25000,1.28,32000
8/12/2024,PINV2320,Engen,Diesel Delivery,20000,1.19,23800
8/12/2024,PINV2358,Total,Gasoline Delivery,25000,1.22,30500
8/12/2024,PINV2505,Total,Gasoline Delivery,15000,1.17,17550
8/12/2024,PINV2227,Total,Gasoline Delivery,30000,1.26,37800
8/12/2024,PINV2384,Total,Diesel Delivery,20000,1.27,25400
8/13/2024,PINV2161,Engen,Gasoline Delivery,25000,1.12,28000
8/13/2024,PINV2259,Engen,Gasoline Delivery,15000,1.33,19950
8/13/2024,PINV2382,Engen,Gasoline Delivery,25000,1.22,30500
8/13/2024,PINV2031,Total,Diesel Delivery,30000,1.25,37500
8/13/2024,PINV2456,Total,Diesel Delivery,25000,1.24,31000
8/13/2024,PINV2290,Total,Gasoline Delivery,25000,1.3,32500
8/14/2024,PINV2273,Engen,Gasoline Delivery,25000,1.33,33250
8/14/2024,PINV2013,Engen,Diesel Delivery,30000,1.27,38100
8/14/2024,PINV2381,Engen,Diesel Delivery,20000,1.15,23000
8/14/2024,PINV2340,Engen,Diesel Delivery,25000,1.07,26750
8/14/2024,PINV2109,Engen,Diesel Delivery,20000,1.3,26000
8/14/2024,PINV2310,Total,Diesel Delivery,30000,1.29,38700
8/15/2024,PINV2424,Total,Diesel Delivery,20000,1.05,21000
8/15/2024,PINV2011,Total,Gasoline Delivery,20000,1.33,26600
8/15/2024,PINV2067,Total,Gasoline Delivery,25000,1.14,28500
8/15/2024,PINV2411,Total,Gasoline Delivery,20000,1.2,24000
8/15/2024,PINV2331,Engen,Gasoline Delivery,15000,1.14,17100
8/15/2024,PINV2275,Total,Diesel Delivery,20000,1.1,22000
8/15/2024,PINV2234,Total,Gasoline Delivery,30000,1.22,36600
8/15/2024,PINV2340,Total,Gasoline Delivery,15000,1.22,18300
8/16/2024,PINV2227,Engen,Diesel Delivery,25000,1.07,26750
8/16/2024,PINV2152,Engen,Diesel Delivery,15000,1.28,19200
8/16/2024,PINV2418,Total,Diesel Delivery,20000,1.05,21000
8/16/2024,PINV2025,Engen,Gasoline Delivery,15000,1.26,18900
8/16/2024,PINV2219,Total,Gasoline Delivery,15000,1.21,18150
8/16/2024,PINV2078,Total,Gasoline Delivery,20000,1.25,25000
8/17/2024,PINV2348,Total,Gasoline Delivery,15000,1.17,17550
8/17/2024,PINV2535,Engen,Gasoline Delivery,20000,1.19,23800
8/17/2024,PINV2060,Engen,Gasoline Delivery,30000,1.12,33600
8/17/2024,PINV2512,Total,Gasoline Delivery,15000,1.12,16800
8/17/2024,PINV2166,Engen,Diesel Delivery,20000,1.26,25200
8/17/2024,PINV2359,Total,Diesel Delivery,30000,1.08,32400
8/17/2024,PINV2208,Total,Diesel Delivery,20000,1.07,21400
8/18/2024,PINV2066,Engen,Diesel Delivery,30000,1.15,34500
8/18/2024,PINV2270,Engen,Gasoline Delivery,30000,1.14,34200
8/18/2024,PINV2127,Total,Diesel Delivery,20000,1.24,24800
8/19/2024,PINV2518,Engen,Gasoline Delivery,15000,1.21,18150
8/19/2024,PINV2492,Total,Gasoline Delivery,20000,1.3,26000
8/19/2024,PINV2435,Total,Gasoline Delivery,20000,1.13,22600
8/19/2024,PINV2302,Engen,Gasoline Delivery,30000,1.26,37800
8/19/2024,PINV2199,Engen,Diesel Delivery,25000,1.28,32000
8/19/2024,PINV2517,Engen,Gasoline Delivery,25000,1.32,33000
8/19/2024,PINV2426,Engen,Gasoline Delivery,25000,1.2,30000
8/19/2024,PINV2272,Total,Gasoline Delivery,15000,1.24,18600
8/19/2024,PINV2083,Engen,Diesel Delivery,20000,1.14,22800
8/19/2024,PINV2171,Engen,Gasoline Delivery,30000,1.32,39600
8/19/2024,PINV2463,Engen,Gasoline Delivery,25000,1.27,31750
8/20/2024,PINV2232,Engen,Diesel Delivery,25000,1.05,26250
8/20/2024,PINV2272,Total,Diesel Delivery,30000,1.24,37200
8/21/2024,PINV2398,Engen,Gasoline Delivery,25000,1.31,32750
8/21/2024,PINV2416,Engen,Diesel Delivery,15000,1.1,16500
8/21/2024,PINV2374,Total,Diesel Delivery,15000,1.28,19200
8/21/2024,PINV2265,Total,Gasoline Delivery,30000,1.29,38700
8/22/2024,PINV2164,Engen,Gasoline Delivery,30000,1.19,35700
8/22/2024,PINV2439,Total,Diesel Delivery,30000,1.1,33000
8/22/2024,PINV2446,Engen,Diesel Delivery,25000,1.14,28500
8/23/2024,PINV2516,Total,Gasoline Delivery,30000,1.33,39900
8/23/2024,PINV2359,Engen,Gasoline Delivery,15000,1.1,16500
8/23/2024,PINV2372,Engen,Gasoline Delivery,15000,1.3,19500
8/23/2024,PINV2000,Engen,Gasoline Delivery,15000,1.14,17100
8/23/2024,PINV2067,Total,Diesel Delivery,15000,1.27,19050
8/23/2024,PINV2262,Engen,Gasoline Delivery,15000,1.29,19350
8/23/2024,PINV2454,Engen,Diesel Delivery,25000,1.16,29000
8/23/2024,PINV2415,Total,Diesel Delivery,20000,1.25,25000
8/24/2024,PINV2267,Total,Gasoline Delivery,20000,1.28,25600
8/24/2024,PINV2386,Engen,Diesel Delivery,20000,1.23,24600
8/24/2024,PINV2269,Total,Gasoline Delivery,20000,1.32,26400
8/24/2024,PINV2312,Engen,Gasoline Delivery,25000,1.23,30750
8/24/2024,PINV2010,Engen,Gasoline Delivery,20000,1.32,26400
8/24/2024,PINV2462,Total,Diesel Delivery,25000,1.22,30500
8/25/2024,PINV2313,Total,Diesel Delivery,15000,1.13,16950
8/25/2024,PINV2426,Engen,Diesel Delivery,15000,1.23,18450
8/25/2024,PINV2001,Engen,Gasoline Delivery,30000,1.34,40200
8/25/2024,PINV2040,Total,Diesel Delivery,20000,1.15,23000
8/25/2024,PINV2046,Engen,Gasoline Delivery,15000,1.33,19950
8/25/2024,PINV2376,Total,Diesel Delivery,15000,1.11,16650
8/25/2024,PINV2336,Total,Diesel Delivery,15000,1.11,16650
8/25/2024,PINV2188,Total,Diesel Delivery,30000,1.28,38400
8/26/2024,PINV2271,Engen,Diesel Delivery,25000,1.17,29250
8/26/2024,PINV2303,Total,Diesel Delivery,15000,1.12,16800
8/26/2024,PINV2538,Total,Gasoline Delivery,15000,1.17,17550
8/26/2024,PINV2429,Engen,Gasoline Delivery,15000,1.28,19200
8/27/2024,PINV2236,Engen,Gasoline Delivery,30000,1.33,39900
8/27/2024,PINV2174,Engen,Diesel Delivery,30000,1.14,34200
8/27/2024,PINV2238,Engen,Gasoline Delivery,25000,1.17,29250
8/28/2024,PINV2172,Engen,Gasoline Delivery,15000,1.16,17400
8/28/2024,PINV2214,Engen,Gasoline Delivery,20000,1.25,25000
8/28/2024,PINV2336,Total,Gasoline Delivery,30000,1.24,37200
8/28/2024,PINV2223,Engen,Gasoline Delivery,20000,1.23,24600
8/28/2024,PINV2297,Engen,Diesel Delivery,20000,1.09,21800
8/28/2024,PINV2009,Total,Gasoline Delivery,30000,1.27,38100
8/29/2024,PINV2241,Engen,Diesel Delivery,15000,1.28,19200
8/29/2024,PINV2274,Engen,Gasoline Delivery,20000,1.32,26400
8/29/2024,PINV2175,Engen,Diesel Delivery,20000,1.23,24600
8/29/2024,PINV2347,Total,Gasoline Delivery,15000,1.27,19050
8/29/2024,PINV2161,Engen,Diesel Delivery,20000,1.16,23200
8/29/2024,PINV2391,Engen,Gasoline Delivery,30000,1.3,39000
8/29/2024,PINV2483,Total,Gasoline Delivery,20000,1.26,25200
8/30/2024,PINV2556,Total,Gasoline Delivery,30000,1.34,40200
8/30/2024,PINV2288,Engen,Gasoline Delivery,30000,1.16,34800
8/30/2024,PINV2142,Engen,Gasoline Delivery,25000,1.15,28750
8/30/2024,PINV2476,Engen,Gasoline Delivery,25000,1.16,29000
8/31/2024,PINV2209,Total,Gasoline Delivery,20000,1.24,24800
8/31/2024,PINV2160,Total,Diesel Delivery,25000,1.25,31250
8/31/2024,PINV2225,Engen,Gasoline Delivery,30000,1.21,36300
8/31/2024,PINV2344,Engen,Diesel Delivery,30000,1.26,37800
9/1/2024,PINV2557,Engen,Gasoline Delivery,25000,1.18,29500
9/1/2024,PINV2339,Engen,Diesel Delivery,15000,1.19,17850
9/1/2024,PINV2244,Total,Gasoline Delivery,30000,1.21,36300
9/1/2024,PINV2451,Engen,Diesel Delivery,15000,1.18,17700
9/1/2024,PINV2506,Engen,Gasoline Delivery,25000,1.34,33500
9/2/2024,PINV2296,Engen,Diesel Delivery,20000,1.28,25600
9/2/2024,PINV2099,Engen,Diesel Delivery,20000,1.29,25800
9/2/2024,PINV2276,Total,Gasoline Delivery,20000,1.22,24400
9/2/2024,PINV2037,Total,Diesel Delivery,20000,1.24,24800
9/2/2024,PINV2047,Total,Diesel Delivery,30000,1.26,37800
9/3/2024,PINV2306,Total,Gasoline Delivery,25000,1.18,29500
9/3/2024,PINV2396,Total,Gasoline Delivery,25000,1.16,29000
9/3/2024,PINV2140,Total,Diesel Delivery,25000,1.2,30000
9/3/2024,PINV2457,Total,Diesel Delivery,30000,1.2,36000
9/3/2024,PINV2308,Total,Diesel Delivery,30000,1.28,38400
9/3/2024,PINV2116,Total,Gasoline Delivery,15000,1.33,19950
9/4/2024,PINV2047,Total,Gasoline Delivery,25000,1.11,27750
9/4/2024,PINV2430,Engen,Diesel Delivery,30000,1.09,32700
9/5/2024,PINV2447,Engen,Gasoline Delivery,30000,1.35,40500
9/5/2024,PINV2122,Total,Gasoline Delivery,30000,1.33,39900
9/5/2024,PINV2459,Engen,Gasoline Delivery,20000,1.23,24600
9/6/2024,PINV2230,Total,Diesel Delivery,15000,1.29,19350
9/6/2024,PINV2180,Engen,Gasoline Delivery,15000,1.3,19500
9/6/2024,PINV2298,Total,Gasoline Delivery,20000,1.14,22800
9/7/2024,PINV2077,Total,Gasoline Delivery,15000,1.21,18150
9/7/2024,PINV2441,Total,Gasoline Delivery,15000,1.31,19650
9/7/2024,PINV2200,Engen,Diesel Delivery,25000,1.28,32000
9/7/2024,PINV2310,Engen,Gasoline Delivery,25000,1.16,29000
9/7/2024,PINV2087,Engen,Diesel Delivery,15000,1.27,19050
9/8/2024,PINV2353,Total,Gasoline Delivery,15000,1.3,19500
9/8/2024,PINV2419,Engen,Gasoline Delivery,20000,1.18,23600
9/8/2024,PINV2436,Engen,Diesel Delivery,15000,1.21,18150
9/8/2024,PINV2444,Engen,Gasoline Delivery,20000,1.2,24000
9/9/2024,PINV2328,Engen,Diesel Delivery,30000,1.13,33900
9/9/2024,PINV2411,Total,Diesel Delivery,25000,1.14,28500
9/9/2024,PINV2202,Engen,Diesel Delivery,25000,1.29,32250
9/10/2024,PINV2380,Engen,Diesel Delivery,25000,1.29,32250
9/10/2024,PINV2096,Engen,Gasoline Delivery,20000,1.27,25400
9/10/2024,PINV2082,Engen,Gasoline Delivery,25000,1.19,29750
9/10/2024,PINV2552,Total,Gasoline Delivery,15000,1.19,17850
9/10/2024,PINV2299,Engen,Gasoline Delivery,25000,1.29,32250
9/10/2024,PINV2370,Total,Gasoline Delivery,30000,1.18,35400
9/10/2024,PINV2289,Engen,Gasoline Delivery,25000,1.21,30250
9/10/2024,PINV2077,Total,Diesel Delivery,20000,1.27,25400
9/11/2024,PINV2407,Total,Diesel Delivery,15000,1.18,17700
9/11/2024,PINV2093,Total,Gasoline Delivery,20000,1.18,23600
9/11/2024,PINV2403,Engen,Diesel Delivery,30000,1.12,33600
9/11/2024,PINV2042,Total,Diesel Delivery,20000,1.16,23200
9/11/2024,PINV2386,Total,Gasoline Delivery,20000,1.26,25200
9/11/2024,PINV2544,Engen,Gasoline Delivery,20000,1.19,23800
9/12/2024,PINV2537,Engen,Gasoline Delivery,20000,1.32,26400
9/12/2024,PINV2377,Total,Gasoline Delivery,25000,1.35,33750
9/13/2024,PINV2350,Total,Gasoline Delivery,30000,1.21,36300
9/13/2024,PINV2063,Engen,Diesel Delivery,20000,1.12,22400
9/13/2024,PINV2149,Total,Diesel Delivery,30000,1.07,32100
9/13/2024,PINV2392,Engen,Diesel Delivery,20000,1.08,21600
9/13/2024,PINV2026,Total,Diesel Delivery,25000,1.29,32250
9/13/2024,PINV2219,Total,Diesel Delivery,30000,1.1,33000
9/14/2024,PINV2455,Engen,Gasoline Delivery,30000,1.3,39000
9/14/2024,PINV2474,Engen,Gasoline Delivery,20000,1.15,23000
9/14/2024,PINV2059,Total,Gasoline Delivery,30000,1.23,36900
9/14/2024,PINV2355,Engen,Diesel Delivery,20000,1.08,21600
9/14/2024,PINV2377,Engen,Diesel Delivery,30000,1.29,38700
9/14/2024,PINV2437,Total,Diesel Delivery,30000,1.15,34500
9/14/2024,PINV2442,Total,Diesel Delivery,25000,1.16,29000
9/15/2024,PINV2247,Total,Diesel Delivery,15000,1.3,19500
9/15/2024,PINV2394,Total,Diesel Delivery,25000,1.12,28000
9/15/2024,PINV2248,Total,Gasoline Delivery,15000,1.2,18000
9/15/2024,PINV2433,Total,Diesel Delivery,20000,1.25,25000
9/15/2024,PINV2042,Total,Gasoline Delivery,30000,1.29,38700
9/15/2024,PINV2534,Engen,Gasoline Delivery,20000,1.22,24400
9/16/2024,PINV2011,Engen,Diesel Delivery,20000,1.29,25800
9/16/2024,PINV2146,Engen,Diesel Delivery,15000,1.14,17100
9/16/2024,PINV2004,Total,Diesel Delivery,20000,1.11,22200
9/16/2024,PINV2458,Total,Gasoline Delivery,25000,1.16,29000
9/16/2024,PINV2145,Engen,Gasoline Delivery,20000,1.26,25200
9/16/2024,PINV2133,Total,Gasoline Delivery,20000,1.15,23000
9/17/2024,PINV2334,Total,Diesel Delivery,25000,1.23,30750
9/17/2024,PINV2148,Total,Gasoline Delivery,30000,1.25,37500
9/17/2024,PINV2213,Engen,Diesel Delivery,20000,1.07,21400
9/17/2024,PINV2357,Total,Gasoline Delivery,25000,1.24,31000
9/17/2024,PINV2469,Engen,Gasoline Delivery,30000,1.33,39900
9/17/2024,PINV2321,Engen,Diesel Delivery,20000,1.07,21400
9/17/2024,PINV2362,Total,Diesel Delivery,15000,1.11,16650
9/17/2024,PINV2497,Total,Gasoline Delivery,25000,1.3,32500
9/17/2024,PINV2156,Engen,Gasoline Delivery,30000,1.14,34200
9/18/2024,PINV2138,Engen,Diesel Delivery,25000,1.2,30000
9/18/2024,PINV2369,Engen,Diesel Delivery,30000,1.15,34500
9/18/2024,PINV2559,Total,Gasoline Delivery,30000,1.18,35400
9/18/2024,PINV2404,Total,Diesel Delivery,20000,1.12,22400
9/19/2024,PINV2547,Total,Gasoline Delivery,15000,1.35,20250
9/19/2024,PINV2139,Engen,Diesel Delivery,25000,1.25,31250
9/19/2024,PINV2527,Engen,Gasoline Delivery,20000,1.28,25600
9/20/2024,PINV2363,Engen,Diesel Delivery,20000,1.18,23600
9/20/2024,PINV2141,Total,Diesel Delivery,30000,1.24,37200
9/20/2024,PINV2097,Total,Diesel Delivery,25000,1.29,32250
9/20/2024,PINV2257,Engen,Diesel Delivery,30000,1.2,36000
9/20/2024,PINV2163,Total,Gasoline Delivery,20000,1.26,25200
9/21/2024,PINV2086,Total,Gasoline Delivery,30000,1.26,37800
9/21/2024,PINV2303,Total,Gasoline Delivery,20000,1.11,22200
9/21/2024,PINV2494,Total,Gasoline Delivery,20000,1.28,25600
9/21/2024,PINV2465,Total,Gasoline Delivery,20000,1.22,24400
9/21/2024,PINV2235,Total,Diesel Delivery,15000,1.28,19200
9/21/2024,PINV2431,Engen,Gasoline Delivery,20000,1.16,23200
9/21/2024,PINV2366,Total,Diesel Delivery,20000,1.14,22800
9/22/2024,PINV2208,Engen,Gasoline Delivery,20000,1.24,24800
9/22/2024,PINV2119,Engen,Gasoline Delivery,25000,1.11,27750
9/22/2024,PINV2256,Total,Gasoline Delivery,30000,1.15,34500
9/22/2024,PINV2428,Engen,Gasoline Delivery,15000,1.17,17550
9/22/2024,PINV2401,Total,Diesel Delivery,25000,1.14,28500
9/23/2024,PINV2019,Engen,Gasoline Delivery,20000,1.21,24200
9/23/2024,PINV2064,Total,Diesel Delivery,20000,1.06,21200
9/23/2024,PINV2486,Total,Gasoline Delivery,30000,1.31,39300
9/23/2024,PINV2075,Total,Diesel Delivery,20000,1.29,25800
9/23/2024,PINV2111,Total,Gasoline Delivery,25000,1.1,27500
9/23/2024,PINV2425,Total,Diesel Delivery,20000,1.25,25000
9/23/2024,PINV2266,Engen,Gasoline Delivery,20000,1.14,22800
9/24/2024,PINV2484,Engen,Gasoline Delivery,25000,1.29,32250
9/24/2024,PINV2125,Total,Diesel Delivery,15000,1.15,17250
9/24/2024,PINV2152,Total,Gasoline Delivery,15000,1.31,19650
9/24/2024,PINV2375,Total,Gasoline Delivery,25000,1.15,28750
9/24/2024,PINV2334,Engen,Gasoline Delivery,15000,1.3,19500
9/24/2024,PINV2403,Total,Gasoline Delivery,25000,1.18,29500
9/25/2024,PINV2328,Total,Gasoline Delivery,25000,1.2,30000
9/25/2024,PINV2414,Engen,Diesel Delivery,30000,1.23,36900
9/25/2024,PINV2471,Engen,Gasoline Delivery,30000,1.14,34200
9/25/2024,PINV2315,Total,Gasoline Delivery,15000,1.34,20100
9/26/2024,PINV2412,Engen,Gasoline Delivery,20000,1.18,23600
9/26/2024,PINV2420,Total,Gasoline Delivery,30000,1.21,36300
9/26/2024,PINV2304,Engen,Gasoline Delivery,20000,1.11,22200
9/26/2024,PINV2035,Engen,Diesel Delivery,30000,1.08,32400
9/27/2024,PINV2165,Total,Diesel Delivery,20000,1.29,25800
9/28/2024,PINV2182,Total,Diesel Delivery,15000,1.21,18150
9/28/2024,PINV2237,Engen,Diesel Delivery,20000,1.28,25600
9/28/2024,PINV2061,Engen,Gasoline Delivery,15000,1.3,19500
9/28/2024,PINV2088,Engen,Diesel Delivery,20000,1.07,21400
9/28/2024,PINV2132,Engen,Diesel Delivery,30000,1.24,37200
9/28/2024,PINV2385,Engen,Gasoline Delivery,20000,1.24,24800
9/29/2024,PINV2154,Total,Gasoline Delivery,25000,1.29,32250
9/29/2024,PINV2407,Engen,Gasoline Delivery,20000,1.19,23800
9/29/2024,PINV2362,Total,Gasoline Delivery,30000,1.26,37800
9/29/2024,PINV2211,Engen,Diesel Delivery,15000,1.11,16650
9/29/2024,PINV2253,Engen,Diesel Delivery,15000,1.29,19350
9/30/2024,PINV2131,Total,Gasoline Delivery,25000,1.26,31500
9/30/2024,PINV2179,Engen,Gasoline Delivery,15000,1.32,19800
9/30/2024,PINV2220,Total,Diesel Delivery,25000,1.12,28000
9/30/2024,PINV2162,Total,Gasoline Delivery,15000,1.26,18900
9/30/2024,PINV2016,Engen,Diesel Delivery,15000,1.07,16050
9/30/2024,PINV2398,Total,Diesel Delivery,15000,1.15,17250
9/30/2024,PINV2206,Total,Diesel Delivery,30000,1.22,36600
10/1/2024,PINV2012,Total,Gasoline Delivery,15000,1.26,18900
10/1/2024,PINV2173,Engen,Diesel Delivery,15000,1.07,16050
10/1/2024,PINV2287,Total,Gasoline Delivery,30000,1.1,33000
10/1/2024,PINV2421,Engen,Gasoline Delivery,15000,1.19,17850
10/1/2024,PINV2045,Engen,Gasoline Delivery,15000,1.27,19050
10/1/2024,PINV2461,Total,Diesel Delivery,30000,1.07,32100
10/1/2024,PINV2192,Engen,Diesel Delivery,15000,1.21,18150
10/2/2024,PINV2282,Total,Diesel Delivery,30000,1.22,36600
10/2/2024,PINV2068,Total,Gasoline Delivery,25000,1.3,32500
10/2/2024,PINV2201,Total,Diesel Delivery,15000,1.27,19050
10/2/2024,PINV2206,Total,Gasoline Delivery,20000,1.23,24600
10/2/2024,PINV2439,Total,Gasoline Delivery,15000,1.17,17550
10/2/2024,PINV2124,Engen,Gasoline Delivery,30000,1.17,35100
10/2/2024,PINV2217,Total,Gasoline Delivery,25000,1.34,33500
10/2/2024,PINV2329,Engen,Diesel Delivery,20000,1.14,22800
10/3/2024,PINV2364,Total,Diesel Delivery,20000,1.09,21800
10/3/2024,PINV2105,Total,Diesel Delivery,30000,1.18,35400
10/3/2024,PINV2264,Total,Gasoline Delivery,15000,1.32,19800
10/3/2024,PINV2180,Engen,Diesel Delivery,15000,1.1,16500
10/3/2024,PINV2196,Engen,Diesel Delivery,20000,1.2,24000
10/4/2024,PINV2381,Engen,Gasoline Delivery,30000,1.23,36900
10/4/2024,PINV2217,Engen,Diesel Delivery,30000,1.17,35100
10/4/2024,PINV2424,Total,Gasoline Delivery,25000,1.27,31750
10/4/2024,PINV2259,Engen,Diesel Delivery,15000,1.14,17100
10/4/2024,PINV2017,Engen,Gasoline Delivery,25000,1.33,33250
10/5/2024,PINV2246,Total,Diesel Delivery,15000,1.21,18150
10/5/2024,PINV2250,Total,Gasoline Delivery,20000,1.12,22400
10/5/2024,PINV2065,Total,Gasoline Delivery,20000,1.1,22000
10/5/2024,PINV2135,Engen,Diesel Delivery,25000,1.23,30750
10/5/2024,PINV2072,Engen,Diesel Delivery,20000,1.21,24200
10/6/2024,PINV2427,Total,Diesel Delivery,25000,1.29,32250
10/6/2024,PINV2125,Engen,Gasoline Delivery,20000,1.31,26200
10/6/2024,PINV2005,Total,Diesel Delivery,20000,1.26,25200
10/6/2024,PINV2522,Total,Gasoline Delivery,30000,1.23,36900
10/7/2024,PINV2121,Total,Diesel Delivery,25000,1.11,27750
10/7/2024,PINV2330,Total,Gasoline Delivery,15000,1.17,17550
10/7/2024,PINV2194,Engen,Gasoline Delivery,25000,1.26,31500
10/7/2024,PINV2117,Engen,Gasoline Delivery,25000,1.13,28250
10/7/2024,PINV2086,Total,Diesel Delivery,30000,1.06,31800
10/8/2024,PINV2233,Total,Diesel Delivery,15000,1.3,19500
10/8/2024,PINV2459,Engen,Diesel Delivery,15000,1.27,19050
10/8/2024,PINV2052,Total,Gasoline Delivery,30000,1.24,37200
10/8/2024,PINV2254,Engen,Gasoline Delivery,15000,1.3,19500
10/8/2024,PINV2480,Total,Gasoline Delivery,20000,1.1,22000
10/8/2024,PINV2413,Total,Diesel Delivery,30000,1.05,31500
10/8/2024,PINV2458,Engen,Diesel Delivery,20000,1.18,23600
10/9/2024,PINV2121,Total,Gasoline Delivery,25000,1.18,29500
10/9/2024,PINV2233,Engen,Gasoline Delivery,30000,1.27,38100
10/9/2024,PINV2405,Engen,Diesel Delivery,20000,1.12,22400
10/9/2024,PINV2105,Total,Gasoline Delivery,15000,1.3,19500
10/9/2024,PINV2183,Total,Diesel Delivery,20000,1.21,24200
10/9/2024,PINV2095,Engen,Gasoline Delivery,15000,1.3,19500
10/9/2024,PINV2160,Engen,Gasoline Delivery,25000,1.31,32750
10/10/2024,PINV2115,Total,Gasoline Delivery,15000,1.16,17400
10/10/2024,PINV2211,Engen,Gasoline Delivery,15000,1.18,17700
10/10/2024,PINV2318,Total,Diesel Delivery,30000,1.17,35100
10/10/2024,PINV2031,Total,Gasoline Delivery,15000,1.25,18750
10/10/2024,PINV2526,Engen,Gasoline Delivery,15000,1.34,20100
10/10/2024,PINV2229,Engen,Diesel Delivery,25000,1.16,29000
10/10/2024,PINV2050,Total,Diesel Delivery,30000,1.2,36000
10/11/2024,PINV2309,Engen,Diesel Delivery,30000,1.26,37800
10/11/2024,PINV2260,Engen,Diesel Delivery,30000,1.18,35400
10/11/2024,PINV2215,Total,Diesel Delivery,15000,1.18,17700
10/11/2024,PINV2235,Total,Gasoline Delivery,15000,1.18,17700
10/12/2024,PINV2475,Engen,Gasoline Delivery,15000,1.34,20100
10/12/2024,PINV2171,Total,Diesel Delivery,20000,1.26,25200
10/12/2024,PINV2337,Engen,Diesel Delivery,30000,1.19,35700
10/12/2024,PINV2432,Total,Diesel Delivery,15000,1.2,18000
10/12/2024,PINV2373,Total,Diesel Delivery,30000,1.2,36000
10/12/2024,PINV2422,Total,Gasoline Delivery,30000,1.14,34200
10/12/2024,PINV2406,Engen,Gasoline Delivery,20000,1.26,25200
10/12/2024,PINV2353,Total,Diesel Delivery,25000,1.13,28250
10/12/2024,PINV2360,Engen,Diesel Delivery,25000,1.3,32500
10/12/2024,PINV2365,Engen,Diesel Delivery,25000,1.06,26500
10/13/2024,PINV2409,Total,Diesel Delivery,15000,1.17,17550
10/13/2024,PINV2004,Total,Gasoline Delivery,15000,1.32,19800
10/13/2024,PINV2423,Total,Diesel Delivery,25000,1.27,31750
10/13/2024,PINV2076,Engen,Diesel Delivery,25000,1.13,28250
10/13/2024,PINV2001,Total,Diesel Delivery,20000,1.15,23000
10/13/2024,PINV2551,Engen,Gasoline Delivery,30000,1.15,34500
10/13/2024,PINV2324,Engen,Gasoline Delivery,30000,1.26,37800
10/14/2024,PINV2230,Total,Gasoline Delivery,15000,1.34,20100
10/14/2024,PINV2089,Total,Diesel Delivery,20000,1.07,21400
10/14/2024,PINV2175,Total,Gasoline Delivery,20000,1.35,27000
10/14/2024,PINV2136,Engen,Diesel Delivery,30000,1.29,38700
10/14/2024,PINV2137,Total,Gasoline Delivery,20000,1.22,24400
10/14/2024,PINV2008,Total,Diesel Delivery,25000,1.1,27500
10/15/2024,PINV2090,Total,Diesel Delivery,25000,1.12,28000
10/15/2024,PINV2261,Total,Diesel Delivery,20000,1.26,25200
10/15/2024,PINV2057,Total,Diesel Delivery,25000,1.1,27500
10/16/2024,PINV2440,Engen,Gasoline Delivery,15000,1.33,19950
10/16/2024,PINV2204,Engen,Diesel Delivery,30000,1.24,37200
10/16/2024,PINV2051,Total,Gasoline Delivery,15000,1.27,19050
10/16/2024,PINV2515,Engen,Gasoline Delivery,15000,1.27,19050
10/16/2024,PINV2122,Engen,Diesel Delivery,25000,1.06,26500
10/16/2024,PINV2245,Engen,Diesel Delivery,25000,1.14,28500
10/17/2024,PINV2221,Engen,Gasoline Delivery,25000,1.26,31500
10/17/2024,PINV2063,Engen,Gasoline Delivery,25000,1.25,31250
10/17/2024,PINV2501,Engen,Gasoline Delivery,20000,1.12,22400
10/17/2024,PINV2153,Engen,Diesel Delivery,20000,1.15,23000
10/17/2024,PINV2002,Engen,Diesel Delivery,20000,1.08,21600
10/17/2024,PINV2330,Engen,Diesel Delivery,30000,1.15,34500
10/18/2024,PINV2158,Total,Diesel Delivery,15000,1.26,18900
10/18/2024,PINV2214,Total,Diesel Delivery,20000,1.1,22000
10/18/2024,PINV2253,Engen,Gasoline Delivery,20000,1.35,27000
10/19/2024,PINV2409,Total,Gasoline Delivery,15000,1.32,19800
10/19/2024,PINV2265,Total,Diesel Delivery,25000,1.09,27250
10/19/2024,PINV2445,Total,Diesel Delivery,15000,1.29,19350
10/19/2024,PINV2032,Engen,Gasoline Delivery,20000,1.15,23000
10/20/2024,PINV2129,Total,Diesel Delivery,25000,1.28,32000
10/20/2024,PINV2481,Total,Gasoline Delivery,25000,1.15,28750
10/20/2024,PINV2292,Engen,Gasoline Delivery,30000,1.27,38100
10/20/2024,PINV2082,Total,Diesel Delivery,30000,1.24,37200
10/21/2024,PINV2489,Engen,Gasoline Delivery,25000,1.32,33000
10/21/2024,PINV2410,Engen,Gasoline Delivery,30000,1.28,38400
10/21/2024,PINV2273,Total,Diesel Delivery,30000,1.23,36900
10/21/2024,PINV2176,Engen,Diesel Delivery,30000,1.17,35100
10/21/2024,PINV2224,Total,Gasoline Delivery,30000,1.17,35100
10/21/2024,PINV2083,Engen,Gasoline Delivery,20000,1.31,26200
10/21/2024,PINV2044,Engen,Diesel Delivery,30000,1.2,36000
10/21/2024,PINV2467,Engen,Gasoline Delivery,15000,1.17,17550
10/22/2024,PINV2269,Total,Diesel Delivery,25000,1.25,31250
10/22/2024,PINV2495,Engen,Gasoline Delivery,30000,1.24,37200
10/22/2024,PINV2043,Total,Diesel Delivery,20000,1.16,23200
10/22/2024,PINV2373,Total,Gasoline Delivery,30000,1.18,35400
10/22/2024,PINV2079,Engen,Gasoline Delivery,25000,1.23,30750
10/23/2024,PINV2430,Total,Gasoline Delivery,25000,1.33,33250
10/23/2024,PINV2294,Engen,Diesel Delivery,20000,1.27,25400
10/23/2024,PINV2435,Engen,Diesel Delivery,25000,1.27,31750
10/23/2024,PINV2261,Engen,Gasoline Delivery,25000,1.26,31500
10/23/2024,PINV2239,Engen,Diesel Delivery,25000,1.12,28000
10/24/2024,PINV2389,Engen,Diesel Delivery,15000,1.11,16650
10/24/2024,PINV2464,Total,Diesel Delivery,7100,1.18,8378
10/24/2024,PINV2401,Engen,Gasoline Delivery,15000,1.3,19500
10/25/2024,PINV2216,Engen,Diesel Delivery,25000,1.21,30250
10/25/2024,PINV2203,Engen,Gasoline Delivery,20000,1.1,22000
10/25/2024,PINV2293,Total,Diesel Delivery,25000,1.27,31750
10/25/2024,PINV2412,Total,Diesel Delivery,20000,1.18,23600
10/25/2024,PINV2276,Total,Diesel Delivery,30000,1.17,35100
10/26/2024,PINV2388,Engen,Gasoline Delivery,25000,1.22,30500
10/26/2024,PINV2037,Total,Gasoline Delivery,15000,1.22,18300
10/26/2024,PINV2316,Total,Diesel Delivery,25000,1.26,31500
10/27/2024,PINV2223,Total,Diesel Delivery,15000,1.29,19350
10/27/2024,PINV2041,Total,Diesel Delivery,25000,1.24,31000
10/27/2024,PINV2379,Engen,Diesel Delivery,30000,1.24,37200
10/27/2024,PINV2151,Total,Gasoline Delivery,20000,1.3,26000
10/28/2024,PINV2278,Total,Gasoline Delivery,25000,1.22,30500
10/28/2024,PINV2477,Engen,Gasoline Delivery,20000,1.2,24000
10/28/2024,PINV2186,Engen,Diesel Delivery,30000,1.09,32700
10/28/2024,PINV2383,Engen,Diesel Delivery,25000,1.19,29750
10/28/2024,PINV2170,Engen,Diesel Delivery,30000,1.09,32700
10/28/2024,PINV2395,Engen,Diesel Delivery,25000,1.18,29500
10/28/2024,PINV2539,Total,Gasoline Delivery,15000,1.18,17700
10/28/2024,PINV2207,Total,Gasoline Delivery,15000,1.11,16650
10/28/2024,PINV2028,Engen,Gasoline Delivery,15000,1.24,18600
10/28/2024,PINV2052,Engen,Diesel Delivery,30000,1.08,32400
10/28/2024,PINV2443,Total,Diesel Delivery,25000,1.2,30000
10/29/2024,PINV2442,Total,Gasoline Delivery,25000,1.11,27750
10/29/2024,PINV2331,Total,Diesel Delivery,25000,1.21,30250
10/29/2024,PINV2116,Total,Diesel Delivery,25000,1.18,29500
10/29/2024,PINV2402,Engen,Gasoline Delivery,25000,1.35,33750
10/29/2024,PINV2237,Engen,Gasoline Delivery,30000,1.27,38100
10/29/2024,PINV2107,Engen,Diesel Delivery,25000,1.09,27250
10/29/2024,PINV2397,Total,Gasoline Delivery,25000,1.34,33500
10/29/2024,PINV2466,Engen,Gasoline Delivery,30000,1.24,37200
10/29/2024,PINV2155,Total,Gasoline Delivery,20000,1.34,26800
10/29/2024,PINV2020,Engen,Gasoline Delivery,25000,1.25,31250
10/29/2024,PINV2129,Engen,Gasoline Delivery,20000,1.2,24000
10/30/2024,PINV2108,Engen,Gasoline Delivery,20000,1.35,27000
10/30/2024,PINV2130,Total,Gasoline Delivery,20000,1.33,26600
10/30/2024,PINV2254,Engen,Diesel Delivery,30000,1.15,34500
10/30/2024,PINV2120,Engen,Diesel Delivery,30000,1.14,34200
10/30/2024,PINV2446,Total,Gasoline Delivery,30000,1.13,33900
10/30/2024,PINV2118,Total,Gasoline Delivery,20000,1.27,25400
10/31/2024,PINV2365,Total,Gasoline Delivery,20000,1.22,24400
10/31/2024,PINV2159,Engen,Gasoline Delivery,25000,1.1,27500
10/31/2024,PINV2178,Total,Diesel Delivery,30000,1.21,36300
10/31/2024,PINV2069,Total,Gasoline Delivery,30000,1.3,39000
10/31/2024,PINV2151,Engen,Diesel Delivery,20000,1.07,21400
11/1/2024,PINV2402,Total,Diesel Delivery,20000,1.11,22200
11/1/2024,PINV2104,Engen,Diesel Delivery,15000,1.16,17400
11/1/2024,PINV2242,Total,Gasoline Delivery,30000,1.29,38700
11/1/2024,PINV2029,Engen,Diesel Delivery,20000,1.06,21200
11/1/2024,PINV2264,Engen,Diesel Delivery,25000,1.14,28500
11/1/2024,PINV2319,Total,Gasoline Delivery,25000,1.18,29500
11/1/2024,PINV2384,Total,Gasoline Delivery,15000,1.23,18450
11/1/2024,PINV2378,Engen,Diesel Delivery,30000,1.12,33600
11/1/2024,PINV2348,Total,Diesel Delivery,15000,1.18,17700
11/1/2024,PINV2487,Engen,Gasoline Delivery,30000,1.34,40200
11/2/2024,PINV2400,Engen,Diesel Delivery,25000,1.19,29750
11/3/2024,PINV2188,Total,Gasoline Delivery,25000,1.25,31250
11/3/2024,PINV2301,Engen,Diesel Delivery,25000,1.18,29500
11/3/2024,PINV2239,Total,Gasoline Delivery,30000,1.16,34800
11/3/2024,PINV2296,Engen,Gasoline Delivery,15000,1.35,20250
11/3/2024,PINV2427,Total,Gasoline Delivery,20000,1.35,27000
11/3/2024,PINV2308,Engen,Gasoline Delivery,30000,1.25,37500
11/3/2024,PINV2158,Total,Gasoline Delivery,30000,1.29,38700
11/3/2024,PINV2543,Engen,Gasoline Delivery,20000,1.14,22800
11/4/2024,PINV2510,Total,Gasoline Delivery,30000,1.18,35400
11/4/2024,PINV2281,Engen,Gasoline Delivery,25000,1.25,31250
11/4/2024,PINV2332,Engen,Gasoline Delivery,30000,1.17,35100
11/4/2024,PINV2215,Total,Gasoline Delivery,20000,1.18,23600
11/4/2024,PINV2168,Engen,Gasoline Delivery,20000,1.18,23600
11/4/2024,PINV2015,Engen,Diesel Delivery,15000,1.14,17100
11/4/2024,PINV2198,Engen,Gasoline Delivery,25000,1.27,31750
11/5/2024,PINV2117,Total,Diesel Delivery,15000,1.11,16650
11/5/2024,PINV2452,Engen,Diesel Delivery,20000,1.26,25200
11/5/2024,PINV2240,Engen,Diesel Delivery,15000,1.16,17400
11/5/2024,PINV2036,Total,Gasoline Delivery,25000,1.1,27500
11/5/2024,PINV2300,Engen,Diesel Delivery,15000,1.3,19500
11/6/2024,PINV2026,Engen,Gasoline Delivery,25000,1.12,28000
11/6/2024,PINV2218,Total,Gasoline Delivery,30000,1.1,33000
11/6/2024,PINV2104,Total,Gasoline Delivery,15000,1.15,17250
11/6/2024,PINV2213,Engen,Gasoline Delivery,25000,1.34,33500
11/6/2024,PINV2361,Total,Gasoline Delivery,30000,1.31,39300
11/6/2024,PINV2091,Engen,Diesel Delivery,15000,1.09,16350
11/6/2024,PINV2089,Engen,Gasoline Delivery,20000,1.21,24200
11/7/2024,PINV2124,Engen,Diesel Delivery,25000,1.06,26500
11/7/2024,PINV2352,Engen,Diesel Delivery,30000,1.22,36600
11/8/2024,PINV2094,Engen,Gasoline Delivery,15000,1.22,18300
11/8/2024,PINV2405,Total,Gasoline Delivery,30000,1.25,37500
11/8/2024,PINV2379,Engen,Gasoline Delivery,30000,1.23,36900
11/8/2024,PINV2309,Total,Gasoline Delivery,25000,1.26,31500
11/8/2024,PINV2201,Engen,Gasoline Delivery,25000,1.34,33500
11/8/2024,PINV2191,Total,Diesel Delivery,30000,1.14,34200
11/8/2024,PINV2399,Total,Gasoline Delivery,30000,1.32,39600
11/8/2024,PINV2159,Total,Diesel Delivery,30000,1.13,33900
11/8/2024,PINV2349,Engen,Diesel Delivery,15000,1.27,19050
11/9/2024,PINV2429,Total,Diesel Delivery,15000,1.06,15900
11/9/2024,PINV2222,Engen,Gasoline Delivery,20000,1.28,25600
11/9/2024,PINV2022,Total,Gasoline Delivery,25000,1.11,27750
11/9/2024,PINV2221,Total,Diesel Delivery,30000,1.11,33300
11/10/2024,PINV2062,Total,Diesel Delivery,20000,1.28,25600
11/10/2024,PINV2325,Total,Gasoline Delivery,25000,1.29,32250
11/10/2024,PINV2080,Engen,Diesel Delivery,30000,1.16,34800
11/10/2024,PINV2186,Total,Gasoline Delivery,20000,1.22,24400
11/10/2024,PINV2410,Total,Diesel Delivery,15000,1.24,18600
11/11/2024,PINV2289,Engen,Diesel Delivery,30000,1.14,34200
11/11/2024,PINV2056,Engen,Gasoline Delivery,25000,1.29,32250
11/11/2024,PINV2283,Total,Diesel Delivery,15000,1.08,16200
11/11/2024,PINV2404,Total,Gasoline Delivery,25000,1.27,31750
11/11/2024,PINV2317,Total,Gasoline Delivery,25000,1.32,33000
11/11/2024,PINV2326,Engen,Gasoline Delivery,20000,1.11,22200
11/12/2024,PINV2038,Total,Diesel Delivery,30000,1.27,38100
11/12/2024,PINV2286,Engen,Gasoline Delivery,20000,1.11,22200
11/12/2024,PINV2196,Engen,Gasoline Delivery,25000,1.21,30250
11/12/2024,PINV2550,Engen,Gasoline Delivery,30000,1.35,40500
11/12/2024,PINV2297,Total,Gasoline Delivery,20000,1.15,23000
11/12/2024,PINV2134,Total,Diesel Delivery,15000,1.12,16800
11/12/2024,PINV2087,Total,Gasoline Delivery,15000,1.3,19500
11/13/2024,PINV2445,Total,Gasoline Delivery,15000,1.35,20250
11/13/2024,PINV2285,Total,Diesel Delivery,20000,1.23,24600
11/13/2024,PINV2263,Engen,Diesel Delivery,30000,1.06,31800
11/13/2024,PINV2345,Engen,Gasoline Delivery,15000,1.26,18900
11/13/2024,PINV2290,Total,Diesel Delivery,15000,1.17,17550
11/13/2024,PINV2155,Total,Diesel Delivery,30000,1.27,38100
11/13/2024,PINV2347,Engen,Diesel Delivery,25000,1.1,27500
11/13/2024,PINV2132,Engen,Gasoline Delivery,25000,1.19,29750
11/14/2024,PINV2244,Engen,Diesel Delivery,25000,1.3,32500
11/14/2024,PINV2078,Engen,Diesel Delivery,20000,1.18,23600
11/14/2024,PINV2074,Engen,Diesel Delivery,30000,1.05,31500
11/14/2024,PINV2323,Engen,Gasoline Delivery,25000,1.35,33750
11/14/2024,PINV2316,Engen,Gasoline Delivery,25000,1.22,30500
11/14/2024,PINV2246,Engen,Gasoline Delivery,25000,1.28,32000
11/15/2024,PINV2530,Total,Gasoline Delivery,15000,1.31,19650
11/15/2024,PINV2018,Engen,Gasoline Delivery,15000,1.12,16800
11/15/2024,PINV2417,Total,Diesel Delivery,30000,1.12,33600
11/15/2024,PINV2293,Engen,Gasoline Delivery,30000,1.28,38400
11/16/2024,PINV2395,Total,Gasoline Delivery,30000,1.27,38100
11/16/2024,PINV2070,Total,Gasoline Delivery,30000,1.27,38100
11/16/2024,PINV2318,Engen,Gasoline Delivery,15000,1.25,18750
11/16/2024,PINV2098,Total,Gasoline Delivery,30000,1.34,40200
11/17/2024,PINV2079,Engen,Diesel Delivery,20000,1.17,23400
11/17/2024,PINV2287,Engen,Diesel Delivery,30000,1.26,37800
11/17/2024,PINV2529,Engen,Gasoline Delivery,15000,1.22,18300
11/17/2024,PINV2066,Engen,Gasoline Delivery,20000,1.25,25000
11/17/2024,PINV2157,Total,Diesel Delivery,30000,1.14,34200
11/18/2024,PINV2169,Engen,Gasoline Delivery,15000,1.31,19650
11/18/2024,PINV2390,Engen,Gasoline Delivery,20000,1.14,22800
11/19/2024,PINV2305,Total,Diesel Delivery,20000,1.14,22800
11/19/2024,PINV2478,Engen,Gasoline Delivery,25000,1.28,32000
11/19/2024,PINV2110,Engen,Diesel Delivery,25000,1.21,30250
11/19/2024,PINV2434,Total,Gasoline Delivery,20000,1.21,24200
11/20/2024,PINV2456,Engen,Gasoline Delivery,30000,1.3,39000
11/20/2024,PINV2198,Total,Diesel Delivery,30000,1.21,36300
11/20/2024,PINV2145,Engen,Diesel Delivery,20000,1.06,21200
11/20/2024,PINV2507,Total,Gasoline Delivery,20000,1.3,26000
11/20/2024,PINV2050,Engen,Gasoline Delivery,25000,1.18,29500
11/20/2024,PINV2257,Total,Gasoline Delivery,15000,1.22,18300
11/20/2024,PINV2301,Engen,Gasoline Delivery,20000,1.26,25200
11/21/2024,PINV2342,Total,Diesel Delivery,30000,1.2,36000
11/21/2024,PINV2325,Engen,Diesel Delivery,30000,1.21,36300
11/21/2024,PINV2332,Total,Diesel Delivery,15000,1.28,19200
11/21/2024,PINV2059,Engen,Diesel Delivery,25000,1.12,28000
11/21/2024,PINV2502,Total,Gasoline Delivery,25000,1.31,32750
11/22/2024,PINV2322,Engen,Gasoline Delivery,15000,1.2,18000
11/22/2024,PINV2294,Engen,Gasoline Delivery,25000,1.17,29250
11/22/2024,PINV2346,Engen,Diesel Delivery,25000,1.07,26750
11/22/2024,PINV2415,Total,Gasoline Delivery,15000,1.12,16800
11/22/2024,PINV2423,Total,Gasoline Delivery,20000,1.17,23400
11/23/2024,PINV2338,Total,Diesel Delivery,15000,1.24,18600
11/23/2024,PINV2277,Total,Diesel Delivery,30000,1.28,38400
11/23/2024,PINV2280,Total,Diesel Delivery,15000,1.17,17550
11/23/2024,PINV2513,Total,Gasoline Delivery,15000,1.17,17550
11/23/2024,PINV2548,Total,Gasoline Delivery,15000,1.14,17100
11/23/2024,PINV2542,Engen,Gasoline Delivery,15000,1.22,18300
11/24/2024,PINV2093,Total,Diesel Delivery,15000,1.26,18900
11/24/2024,PINV2034,Total,Diesel Delivery,25000,1.07,26750
11/24/2024,PINV2112,Engen,Gasoline Delivery,20000,1.31,26200
11/24/2024,PINV2073,Engen,Diesel Delivery,25000,1.16,29000
11/25/2024,PINV2187,Engen,Diesel Delivery,20000,1.17,23400
11/25/2024,PINV2413,Engen,Gasoline Delivery,25000,1.12,28000
11/25/2024,PINV2017,Total,Diesel Delivery,15000,1.05,15750
11/25/2024,PINV2355,Total,Gasoline Delivery,25000,1.11,27750
11/25/2024,PINV2056,Total,Diesel Delivery,15000,1.19,17850
11/25/2024,PINV2165,Engen,Gasoline Delivery,15000,1.2,18000
11/26/2024,PINV2397,Total,Diesel Delivery,25000,1.25,31250
11/26/2024,PINV2013,Engen,Gasoline Delivery,15000,1.25,18750
11/26/2024,PINV2462,Engen,Gasoline Delivery,20000,1.2,24000
11/26/2024,PINV2094,Engen,Diesel Delivery,20000,1.27,25400
11/26/2024,PINV2313,Engen,Gasoline Delivery,25000,1.19,29750
11/27/2024,PINV2009,Total,Diesel Delivery,30000,1.21,36300
11/27/2024,PINV2327,Total,Diesel Delivery,30000,1.05,31500
11/27/2024,PINV2080,Engen,Gasoline Delivery,20000,1.19,23800
11/27/2024,PINV2107,Engen,Gasoline Delivery,30000,1.17,35100
11/28/2024,PINV2163,Engen,Diesel Delivery,20000,1.26,25200
11/28/2024,PINV2451,Engen,Gasoline Delivery,20000,1.1,22000
11/28/2024,PINV2191,Total,Gasoline Delivery,20000,1.22,24400
11/28/2024,PINV2479,Total,Gasoline Delivery,25000,1.32,33000
11/28/2024,PINV2096,Total,Diesel Delivery,30000,1.11,33300
11/29/2024,PINV2305,Total,Gasoline Delivery,25000,1.24,31000
11/29/2024,PINV2268,Engen,Gasoline Delivery,20000,1.17,23400
11/29/2024,PINV2179,Engen,Diesel Delivery,20000,1.1,22000
11/29/2024,PINV2203,Engen,Diesel Delivery,20000,1.29,25800
11/29/2024,PINV2069,Total,Diesel Delivery,20000,1.08,21600
11/29/2024,PINV2343,Total,Gasoline Delivery,30000,1.24,37200
11/29/2024,PINV2248,Engen,Diesel Delivery,30000,1.2,36000
11/30/2024,PINV2100,Total,Gasoline Delivery,30000,1.2,36000
11/30/2024,PINV2302,Total,Diesel Delivery,25000,1.2,30000
11/30/2024,PINV2187,Total,Gasoline Delivery,25000,1.2,30000
11/30/2024,PINV2049,Engen,Gasoline Delivery,20000,1.22,24400
11/30/2024,PINV2228,Total,Gasoline Delivery,25000,1.13,28250
11/30/2024,PINV2084,Engen,Diesel Delivery,30000,1.12,33600
11/30/2024,PINV2014,Engen,Gasoline Delivery,25000,1.34,33500
12/1/2024,PINV2030,Engen,Diesel Delivery,15000,1.05,15750
12/1/2024,PINV2003,Total,Diesel Delivery,20000,1.11,22200
12/1/2024,PINV2536,Engen,Gasoline Delivery,15000,1.1,16500
12/1/2024,PINV2358,Total,Diesel Delivery,15000,1.09,16350
12/2/2024,PINV2416,Total,Gasoline Delivery,30000,1.28,38400
12/2/2024,PINV2111,Total,Diesel Delivery,15000,1.11,16650
12/2/2024,PINV2169,Total,Diesel Delivery,25000,1.13,28250
12/3/2024,PINV2321,Total,Gasoline Delivery,30000,1.13,33900
12/3/2024,PINV2455,Engen,Diesel Delivery,15000,1.15,17250
12/3/2024,PINV2220,Engen,Gasoline Delivery,20000,1.31,26200
12/3/2024,PINV2007,Total,Diesel Delivery,15000,1.17,17550
12/3/2024,PINV2218,Engen,Diesel Delivery,25000,1.27,31750
12/3/2024,PINV2408,Engen,Diesel Delivery,15000,1.24,18600
12/3/2024,PINV2258,Engen,Gasoline Delivery,15000,1.16,17400
12/3/2024,PINV2033,Engen,Gasoline Delivery,25000,1.33,33250
12/3/2024,PINV2393,Total,Diesel Delivery,25000,1.09,27250
12/3/2024,PINV2176,Total,Gasoline Delivery,25000,1.32,33000
12/3/2024,PINV2068,Total,Diesel Delivery,15000,1.27,19050
12/3/2024,PINV2126,Total,Diesel Delivery,25000,1.27,31750
12/3/2024,PINV2520,Engen,Gasoline Delivery,25000,1.26,31500
12/4/2024,PINV2036,Total,Diesel Delivery,25000,1.08,27000
12/4/2024,PINV2232,Engen,Gasoline Delivery,30000,1.12,33600
12/4/2024,PINV2006,Engen,Diesel Delivery,15000,1.16,17400
12/4/2024,PINV2064,Total,Gasoline Delivery,25000,1.11,27750
12/4/2024,PINV2418,Total,Gasoline Delivery,20000,1.32,26400
12/4/2024,PINV2019,Total,Diesel Delivery,15000,1.2,18000
12/5/2024,PINV2062,Total,Gasoline Delivery,15000,1.31,19650
12/5/2024,PINV2110,Total,Gasoline Delivery,20000,1.12,22400
12/5/2024,PINV2256,Engen,Diesel Delivery,25000,1.11,27750
12/5/2024,PINV2255,Total,Gasoline Delivery,25000,1.29,32250
12/5/2024,PINV2049,Engen,Diesel Delivery,25000,1.29,32250
12/5/2024,PINV2314,Total,Gasoline Delivery,25000,1.25,31250
12/5/2024,PINV2464,Engen,Gasoline Delivery,15000,1.2,18000
12/5/2024,PINV2065,Total,Diesel Delivery,25000,1.08,27000
12/6/2024,PINV2030,Engen,Gasoline Delivery,15000,1.25,18750
12/6/2024,PINV2216,Engen,Gasoline Delivery,25000,1.16,29000
12/6/2024,PINV2190,Total,Gasoline Delivery,25000,1.34,33500
12/6/2024,PINV2157,Engen,Gasoline Delivery,20000,1.26,25200
12/7/2024,PINV2058,Engen,Gasoline Delivery,20000,1.3,26000
12/7/2024,PINV2376,Engen,Gasoline Delivery,25000,1.29,32250
12/7/2024,PINV2360,Total,Gasoline Delivery,15000,1.23,18450
12/7/2024,PINV2015,Engen,Gasoline Delivery,30000,1.17,35100
12/7/2024,PINV2509,Engen,Gasoline Delivery,30000,1.21,36300
12/7/2024,PINV2389,Engen,Gasoline Delivery,25000,1.31,32750
12/7/2024,PINV2275,Total,Gasoline Delivery,30000,1.12,33600
12/8/2024,PINV2284,Engen,Gasoline Delivery,15000,1.21,18150
12/8/2024,PINV2441,Total,Diesel Delivery,20000,1.05,21000
12/8/2024,PINV2468,Total,Gasoline Delivery,30000,1.28,38400
12/9/2024,PINV2250,Engen,Diesel Delivery,15000,1.14,17100
12/9/2024,PINV2236,Total,Diesel Delivery,20000,1.28,25600
12/9/2024,PINV2147,Total,Diesel Delivery,15000,1.17,17550
12/9/2024,PINV2450,Engen,Diesel Delivery,25000,1.13,28250
12/10/2024,PINV2185,Engen,Diesel Delivery,25000,1.22,30500
12/10/2024,PINV2057,Engen,Gasoline Delivery,25000,1.17,29250
12/10/2024,PINV2205,Total,Gasoline Delivery,20000,1.22,24400
12/10/2024,PINV2249,Total,Gasoline Delivery,25000,1.29,32250
12/10/2024,PINV2292,Total,Diesel Delivery,20000,1.29,25800
12/10/2024,PINV2144,Total,Gasoline Delivery,15000,1.14,17100
12/10/2024,PINV2317,Engen,Diesel Delivery,15000,1.22,18300
12/10/2024,PINV2367,Engen,Diesel Delivery,25000,1.26,31500
12/11/2024,PINV2025,Engen,Diesel Delivery,20000,1.13,22600
12/11/2024,PINV2356,Engen,Diesel Delivery,20000,1.12,22400
12/11/2024,PINV2268,Total,Diesel Delivery,15000,1.27,19050
12/11/2024,PINV2076,Total,Gasoline Delivery,15000,1.23,18450
12/11/2024,PINV2247,Engen,Gasoline Delivery,30000,1.19,35700
12/12/2024,PINV2060,Engen,Diesel Delivery,20000,1.07,21400
12/12/2024,PINV2120,Total,Gasoline Delivery,30000,1.14,34200
12/12/2024,PINV2118,Total,Diesel Delivery,30000,1.21,36300
12/12/2024,PINV2306,Engen,Diesel Delivery,25000,1.21,30250
12/12/2024,PINV2204,Engen,Gasoline Delivery,20000,1.32,26400
12/12/2024,PINV2231,Total,Gasoline Delivery,15000,1.22,18300
12/12/2024,PINV2496,Engen,Gasoline Delivery,15000,1.16,17400
12/12/2024,PINV2500,Engen,Gasoline Delivery,30000,1.2,36000
12/12/2024,PINV2528,Engen,Gasoline Delivery,30000,1.2,36000
12/13/2024,PINV2258,Total,Diesel Delivery,20000,1.19,23800
12/13/2024,PINV2392,Total,Gasoline Delivery,30000,1.12,33600
12/13/2024,PINV2319,Total,Diesel Delivery,30000,1.26,37800
12/14/2024,PINV2181,Engen,Diesel Delivery,25000,1.06,26500
12/15/2024,PINV2387,Total,Gasoline Delivery,20000,1.34,26800
12/15/2024,PINV2460,Total,Diesel Delivery,15000,1.2,18000
12/15/2024,PINV2371,Engen,Diesel Delivery,15000,1.25,18750
12/15/2024,PINV2045,Engen,Diesel Delivery,20000,1.26,25200
12/15/2024,PINV2178,Total,Gasoline Delivery,25000,1.17,29250
12/16/2024,PINV2329,Total,Gasoline Delivery,30000,1.22,36600
12/16/2024,PINV2010,Engen,Diesel Delivery,20000,1.29,25800
12/16/2024,PINV2185,Total,Gasoline Delivery,15000,1.28,19200
12/16/2024,PINV2383,Engen,Gasoline Delivery,30000,1.33,39900
12/16/2024,PINV2448,Total,Diesel Delivery,25000,1.08,27000
12/16/2024,PINV2102,Total,Diesel Delivery,15000,1.29,19350
12/16/2024,PINV2449,Engen,Gasoline Delivery,15000,1.26,18900
12/16/2024,PINV2200,Total,Gasoline Delivery,30000,1.23,36900
12/16/2024,PINV2144,Total,Diesel Delivery,20000,1.21,24200
12/16/2024,PINV2498,Engen,Gasoline Delivery,15000,1.28,19200
12/17/2024,PINV2279,Engen,Diesel Delivery,15000,1.17,17550
12/17/2024,PINV2385,Engen,Diesel Delivery,15000,1.18,17700
12/17/2024,PINV2440,Engen,Diesel Delivery,30000,1.22,36600
12/17/2024,PINV2356,Engen,Gasoline Delivery,15000,1.23,18450
12/17/2024,PINV2073,Engen,Gasoline Delivery,25000,1.23,30750
12/17/2024,PINV2000,Total,Diesel Delivery,20000,1.29,25800
12/17/2024,PINV2454,Total,Gasoline Delivery,15000,1.24,18600
12/17/2024,PINV2400,Total,Gasoline Delivery,20000,1.26,25200
12/18/2024,PINV2546,Total,Gasoline Delivery,30000,1.31,39300
12/18/2024,PINV2443,Total,Gasoline Delivery,30000,1.25,37500
12/18/2024,PINV2150,Total,Diesel Delivery,30000,1.13,33900
12/19/2024,PINV2209,Engen,Diesel Delivery,30000,1.12,33600
12/19/2024,PINV2048,Total,Gasoline Delivery,20000,1.17,23400
12/19/2024,PINV2281,Total,Diesel Delivery,20000,1.2,24000
12/19/2024,PINV2414,Total,Gasoline Delivery,25000,1.34,33500
12/19/2024,PINV2202,Total,Gasoline Delivery,30000,1.1,33000
12/20/2024,PINV2195,Engen,Diesel Delivery,25000,1.26,31500
12/20/2024,PINV2453,Engen,Diesel Delivery,25000,1.09,27250
12/20/2024,PINV2558,Engen,Gasoline Delivery,20000,1.34,26800
12/20/2024,PINV2222,Total,Diesel Delivery,30000,1.23,36900
12/20/2024,PINV2098,Engen,Diesel Delivery,15000,1.06,15900
12/20/2024,PINV2444,Total,Diesel Delivery,20000,1.09,21800
12/21/2024,PINV2252,Total,Gasoline Delivery,20000,1.19,23800
12/21/2024,PINV2470,Engen,Gasoline Delivery,25000,1.26,31500
12/21/2024,PINV2053,Engen,Gasoline Delivery,25000,1.18,29500
12/21/2024,PINV2153,Total,Gasoline Delivery,30000,1.22,36600
12/21/2024,PINV2021,Total,Diesel Delivery,25000,1.18,29500
12/21/2024,PINV2149,Total,Gasoline Delivery,25000,1.22,30500
12/21/2024,PINV2048,Total,Diesel Delivery,20000,1.08,21600
12/21/2024,PINV2070,Engen,Diesel Delivery,30000,1.23,36900
12/21/2024,PINV2419,Total,Diesel Delivery,20000,1.19,23800
12/22/2024,PINV2102,Total,Gasoline Delivery,20000,1.18,23600
12/22/2024,PINV2115,Total,Diesel Delivery,20000,1.12,22400
12/22/2024,PINV2172,Total,Diesel Delivery,15000,1.2,18000
12/22/2024,PINV2085,Engen,Diesel Delivery,15000,1.27,19050
12/22/2024,PINV2346,Total,Gasoline Delivery,15000,1.11,16650
12/22/2024,PINV2364,Total,Gasoline Delivery,30000,1.29,38700
12/23/2024,PINV2433,Engen,Gasoline Delivery,30000,1.13,33900
12/23/2024,PINV2387,Engen,Diesel Delivery,20000,1.21,24200
12/23/2024,PINV2075,Engen,Gasoline Delivery,30000,1.21,36300
12/23/2024,PINV2504,Total,Gasoline Delivery,20000,1.31,26200
12/23/2024,PINV2323,Total,Diesel Delivery,15000,1.27,19050
12/24/2024,PINV2431,Engen,Diesel Delivery,30000,1.16,34800
12/24/2024,PINV2270,Total,Diesel Delivery,25000,1.22,30500
12/24/2024,PINV2368,Total,Gasoline Delivery,25000,1.31,32750
12/24/2024,PINV2422,Total,Diesel Delivery,25000,1.23,30750
12/24/2024,PINV2307,Engen,Diesel Delivery,20000,1.12,22400
12/24/2024,PINV2167,Engen,Diesel Delivery,20000,1.2,24000
12/24/2024,PINV2367,Total,Gasoline Delivery,20000,1.25,25000
12/24/2024,PINV2137,Engen,Diesel Delivery,25000,1.15,28750
12/25/2024,PINV2434,Total,Diesel Delivery,25000,1.15,28750
12/25/2024,PINV2251,Engen,Gasoline Delivery,15000,1.29,19350
12/25/2024,PINV2460,Total,Gasoline Delivery,25000,1.34,33500
12/25/2024,PINV2184,Total,Gasoline Delivery,30000,1.17,35100
12/25/2024,PINV2280,Engen,Gasoline Delivery,20000,1.24,24800
12/25/2024,PINV2375,Total,Diesel Delivery,25000,1.17,29250
12/26/2024,PINV2024,Total,Diesel Delivery,30000,1.18,35400
12/26/2024,PINV2263,Engen,Gasoline Delivery,15000,1.21,18150
12/27/2024,PINV2106,Total,Diesel Delivery,20000,1.08,21600
12/27/2024,PINV2449,Total,Diesel Delivery,25000,1.08,27000
12/27/2024,PINV2461,Total,Gasoline Delivery,20000,1.13,22600
12/27/2024,PINV2341,Engen,Diesel Delivery,25000,1.22,30500
12/27/2024,PINV2335,Total,Diesel Delivery,15000,1.25,18750
12/27/2024,PINV2226,Engen,Diesel Delivery,25000,1.16,29000
12/27/2024,PINV2023,Total,Diesel Delivery,30000,1.14,34200
12/27/2024,PINV2127,Engen,Gasoline Delivery,25000,1.24,31000
12/28/2024,PINV2279,Engen,Gasoline Delivery,15000,1.25,18750
12/28/2024,PINV2114,Total,Diesel Delivery,20000,1.28,25600
12/28/2024,PINV2560,Engen,Gasoline Delivery,25000,1.27,31750
12/28/2024,PINV2164,Engen,Diesel Delivery,15000,1.15,17250
12/28/2024,PINV2561,Engen,Gasoline Delivery,19000,1.28,24320
12/29/2024,PINV2274,Total,Diesel Delivery,15000,1.2,18000
12/29/2024,PINV2425,Engen,Gasoline Delivery,30000,1.31,39300
12/29/2024,PINV2193,Engen,Gasoline Delivery,20000,1.2,24000
12/29/2024,PINV2521,Engen,Gasoline Delivery,15000,1.24,18600
12/29/2024,PINV2099,Engen,Gasoline Delivery,25000,1.24,31000
12/29/2024,PINV2040,Engen,Gasoline Delivery,25000,1.22,30500
12/29/2024,PINV2103,Total,Diesel Delivery,30000,1.23,36900
12/29/2024,PINV2148,Total,Diesel Delivery,20000,1.05,21000
12/30/2024,PINV2436,Total,Gasoline Delivery,25000,1.33,33250
12/30/2024,PINV2112,Engen,Diesel Delivery,30000,1.27,38100
12/30/2024,PINV2054,Engen,Gasoline Delivery,30000,1.26,37800
12/30/2024,PINV2554,Engen,Gasoline Delivery,15000,1.28,19200
12/31/2024,PINV2326,Total,Diesel Delivery,15000,1.21,18150
12/31/2024,PINV2092,Engen,Gasoline Delivery,15000,1.19,17850
12/31/2024,PINV2428,Engen,Diesel Delivery,25000,1.29,32250
12/31/2024,PINV2350,Engen,Diesel Delivery,15000,1.3,19500
12/31/2024,PINV2138,Total,Gasoline Delivery,20000,1.32,26400
12/31/2024,PINV2291,Engen,Gasoline Delivery,20000,1.21,24200
12/31/2024,PINV2448,Engen,Gasoline Delivery,20000,1.1,22000
12/31/2024,PINV2128,Engen,Diesel Delivery,15000,1.07,16050
12/31/2024,PINV2482,Total,Gasoline Delivery,25000,1.21,30250
