Date,Receipt Number,Customer Name,Payment Method,Invoice Number,Amount
7/1/2024,RCPT1000,Cash Customer,Bank Transfer,INV1000,29240.75
7/1/2024,RCPT1001,Cash Customer,Bank Transfer,INV1001,17188.05
7/1/2024,RCPT1002,Ivy Fuels,Bank Transfer,INV1002,1764
7/1/2024,RCPT1003,Lumen Traders,Bank Transfer,INV1003,10823.2
7/1/2024,RCPT1004,Alpha Transport,Bank Transfer,INV1004,7137.75
7/1/2024,RCPT1005,Eagle Freight,Bank Transfer,INV1005,6155.03
7/2/2024,RCPT1006,Cash Customer,Bank Transfer,INV1006,22378.78
7/2/2024,RCPT1007,Cash Customer,Bank Transfer,INV1007,18653.17
7/2/2024,RCPT1008,Omega Cargo,Bank Transfer,INV1008,2920
7/2/2024,RCPT1009,Omega Cargo,Bank Transfer,INV1009,7070.5
7/2/2024,RCPT1010,Falcon Movers,Bank Transfer,INV1010,9139.2
7/3/2024,RCPT1012,Cash Customer,Bank Transfer,INV1012,14126.4
7/3/2024,RCPT1013,Delta Haulage,Bank Transfer,INV1013,3084.48
7/3/2024,RCPT1014,Kappa Transporters,Bank Transfer,INV1014,6734.63
7/3/2024,RCPT1015,Ivy Fuels,Bank Transfer,INV1015,7806.78
7/3/2024,RCPT1016,MaxDrive Ltd,Bank Transfer,INV1016,11614.23
7/3/2024,RCPT1017,Civic Petroleum,Bank Transfer,INV1017,8747.76
7/3/2024,RCPT1018,Alpha Transport,Bank Transfer,INV1018,2359.96
7/4/2024,RCPT1019,Cash Customer,Bank Transfer,INV1019,25037.04
7/4/2024,RCPT1020,Cash Customer,Bank Transfer,INV1020,15818.24
7/4/2024,RCPT1021,Ivy Fuels,Bank Transfer,INV1021,11514
7/4/2024,RCPT1022,Giga Haulers,Bank Transfer,INV1022,4302.69
7/4/2024,RCPT1023,Giga Haulers,Bank Transfer,INV1023,6872.25
7/5/2024,RCPT1024,Cash Customer,Bank Transfer,INV1024,17113.55
7/5/2024,RCPT1025,Cash Customer,Bank Transfer,INV1025,16997.04
7/5/2024,RCPT1026,Helix Petroleum,Bank Transfer,INV1026,9460.92
7/5/2024,RCPT1027,Helix Petroleum,Bank Transfer,INV1027,2272.05
7/5/2024,RCPT1028,Omega Cargo,Bank Transfer,INV1028,8827.5
7/5/2024,RCPT1029,Helix Petroleum,Bank Transfer,INV1029,5530.2
7/5/2024,RCPT1030,Delta Haulage,Bank Transfer,INV1030,9633
7/6/2024,RCPT1031,Cash Customer,Bank Transfer,INV1031,19069.06
7/6/2024,RCPT1032,Cash Customer,Bank Transfer,INV1032,14120.79
7/6/2024,RCPT1033,Eagle Freight,Bank Transfer,INV1033,5976
7/6/2024,RCPT1034,Kappa Transporters,Bank Transfer,INV1034,7163.52
7/6/2024,RCPT1035,Jupiter Energy,Bank Transfer,INV1035,11377.85
7/6/2024,RCPT1036,Ivy Fuels,Bank Transfer,INV1036,6512.79
7/6/2024,RCPT1037,Helix Petroleum,Bank Transfer,INV1037,9470.24
7/7/2024,RCPT1038,Cash Customer,Bank Transfer,INV1038,25201.8
7/7/2024,RCPT1039,Cash Customer,Bank Transfer,INV1039,23020.6
7/7/2024,RCPT1040,Alpha Transport,Bank Transfer,INV1040,12807.72
7/7/2024,RCPT1041,Eagle Freight,Bank Transfer,INV1041,9841.45
7/7/2024,RCPT1042,Kappa Transporters,Bank Transfer,INV1042,3363.16
7/7/2024,RCPT1043,Beta Logistics,Bank Transfer,INV1043,10592.88
7/7/2024,RCPT1044,Ivy Fuels,Bank Transfer,INV1044,2120.9
7/7/2024,RCPT1045,Delta Haulage,Bank Transfer,INV1045,4919.46
7/8/2024,RCPT1046,Cash Customer,Bank Transfer,INV1046,17376.84
7/8/2024,RCPT1048,MaxDrive Ltd,Bank Transfer,INV1048,2603.84
7/8/2024,RCPT1049,MaxDrive Ltd,Bank Transfer,INV1049,9613.06
7/8/2024,RCPT1050,Nexus Fuels,Bank Transfer,INV1050,3128.19
7/8/2024,RCPT1051,Jupiter Energy,Bank Transfer,INV1051,5444.64
7/9/2024,RCPT1052,Cash Customer,Bank Transfer,INV1052,22408.11
7/9/2024,RCPT1053,Cash Customer,Bank Transfer,INV1053,23886.44
7/9/2024,RCPT1054,Nexus Fuels,Bank Transfer,INV1054,7473.62
7/9/2024,RCPT1055,Nexus Fuels,Bank Transfer,INV1055,5271.42
7/9/2024,RCPT1056,Civic Petroleum,Bank Transfer,INV1056,9748.44
7/9/2024,RCPT1057,Ivy Fuels,Bank Transfer,INV1057,2380.5
7/9/2024,RCPT1058,Beta Logistics,Bank Transfer,INV1058,10615.8
7/10/2024,RCPT1059,Cash Customer,Bank Transfer,INV1059,26137.92
7/10/2024,RCPT1060,Cash Customer,Bank Transfer,INV1060,27033.51
7/10/2024,RCPT1061,Alpha Transport,Bank Transfer,INV1061,6185.7
7/10/2024,RCPT1062,Helix Petroleum,Bank Transfer,INV1062,2367.56
7/10/2024,RCPT1063,Nexus Fuels,Bank Transfer,INV1063,8124.75
7/11/2024,RCPT1064,Cash Customer,Bank Transfer,INV1064,29831.94
7/11/2024,RCPT1065,Cash Customer,Bank Transfer,INV1065,22808.59
7/11/2024,RCPT1066,Omega Cargo,Bank Transfer,INV1066,1606.5
7/11/2024,RCPT1067,Eagle Freight,Bank Transfer,INV1067,7444.36
7/11/2024,RCPT1068,Helix Petroleum,Bank Transfer,INV1068,6592.43
7/12/2024,RCPT1069,Cash Customer,Bank Transfer,INV1069,23478.4
7/12/2024,RCPT1070,Cash Customer,Bank Transfer,INV1070,16786.5
7/12/2024,RCPT1071,Ivy Fuels,Bank Transfer,INV1071,11530.08
7/12/2024,RCPT1072,Beta Logistics,Bank Transfer,INV1072,5736.96
7/12/2024,RCPT1073,Nexus Fuels,Bank Transfer,INV1073,9992.52
7/12/2024,RCPT1074,Falcon Movers,Bank Transfer,INV1074,7461
7/12/2024,RCPT1075,Lumen Traders,Bank Transfer,INV1075,10264.32
7/12/2024,RCPT1076,Giga Haulers,Bank Transfer,INV1076,3183.96
7/13/2024,RCPT1077,Cash Customer,Bank Transfer,INV1077,27753.14
7/13/2024,RCPT1078,Cash Customer,Bank Transfer,INV1078,14071.2
7/13/2024,RCPT1079,MaxDrive Ltd,Bank Transfer,INV1079,9574.74
7/13/2024,RCPT1080,MaxDrive Ltd,Bank Transfer,INV1080,2541.94
7/13/2024,RCPT1081,Jupiter Energy,Bank Transfer,INV1081,4904.64
7/14/2024,RCPT1082,Cash Customer,Bank Transfer,INV1082,23598.12
7/14/2024,RCPT1083,Cash Customer,Bank Transfer,INV1083,17742.08
7/14/2024,RCPT1084,Civic Petroleum,Bank Transfer,INV1084,10947.08
7/14/2024,RCPT1085,Jupiter Energy,Bank Transfer,INV1085,3067.66
7/14/2024,RCPT1086,Lumen Traders,Bank Transfer,INV1086,3766.5
7/15/2024,RCPT1087,Cash Customer,Bank Transfer,INV1087,29651.02
7/15/2024,RCPT1088,Cash Customer,Bank Transfer,INV1088,16289.4
7/15/2024,RCPT1089,Jupiter Energy,Bank Transfer,INV1089,7768.86
7/15/2024,RCPT1090,Civic Petroleum,Bank Transfer,INV1090,6326.54
7/15/2024,RCPT1091,Alpha Transport,Bank Transfer,INV1091,6526.52
7/15/2024,RCPT1092,Jupiter Energy,Bank Transfer,INV1092,11126.43
7/16/2024,RCPT1093,Cash Customer,Bank Transfer,INV1093,18374.4
7/16/2024,RCPT1094,Cash Customer,Bank Transfer,INV1094,20777.6
7/16/2024,RCPT1095,Helix Petroleum,Bank Transfer,INV1095,8077
7/16/2024,RCPT1096,Nexus Fuels,Bank Transfer,INV1096,1955.8
7/16/2024,RCPT1097,Omega Cargo,Bank Transfer,INV1097,12307.14
7/17/2024,RCPT1098,Cash Customer,Bank Transfer,INV1098,28921.2
7/17/2024,RCPT1099,Cash Customer,Bank Transfer,INV1099,14163.07
7/17/2024,RCPT1100,Lumen Traders,Bank Transfer,INV1100,7497.15
7/17/2024,RCPT1101,Giga Haulers,Bank Transfer,INV1101,5279.3
7/17/2024,RCPT1102,Lumen Traders,Bank Transfer,INV1102,8843.52
7/17/2024,RCPT1103,Kappa Transporters,Bank Transfer,INV1103,3042.65
7/17/2024,RCPT1104,Falcon Movers,Bank Transfer,INV1104,11213.96
7/18/2024,RCPT1105,Cash Customer,Bank Transfer,INV1105,25764.2
7/18/2024,RCPT1106,Cash Customer,Bank Transfer,INV1106,16212.7
7/18/2024,RCPT1107,Lumen Traders,Bank Transfer,INV1107,4879.2
7/18/2024,RCPT1108,Jupiter Energy,Bank Transfer,INV1108,5044.5
7/18/2024,RCPT1109,Jupiter Energy,Bank Transfer,INV1109,9542.46
7/18/2024,RCPT1110,Lumen Traders,Bank Transfer,INV1110,4560.12
7/18/2024,RCPT1111,Civic Petroleum,Bank Transfer,INV1111,4813.88
7/19/2024,RCPT1112,Cash Customer,Bank Transfer,INV1112,18085.62
7/19/2024,RCPT1113,Cash Customer,Bank Transfer,INV1113,22788.15
7/19/2024,RCPT1114,Delta Haulage,Bank Transfer,INV1114,6430.84
7/19/2024,RCPT1115,Eagle Freight,Bank Transfer,INV1115,11451.96
7/19/2024,RCPT1116,Giga Haulers,Bank Transfer,INV1116,2450.73
7/19/2024,RCPT1117,Eagle Freight,Bank Transfer,INV1117,9590.4
7/19/2024,RCPT1118,Falcon Movers,Bank Transfer,INV1118,3844.2
7/19/2024,RCPT1119,Helix Petroleum,Bank Transfer,INV1119,9766.35
7/20/2024,RCPT1120,Cash Customer,Bank Transfer,INV1120,16024.95
7/20/2024,RCPT1121,Cash Customer,Bank Transfer,INV1121,26579.5
7/20/2024,RCPT1122,Jupiter Energy,Bank Transfer,INV1122,6674.8
7/20/2024,RCPT1123,Civic Petroleum,Bank Transfer,INV1123,6175.47
7/20/2024,RCPT1124,MaxDrive Ltd,Bank Transfer,INV1124,8836.5
7/21/2024,RCPT1125,Cash Customer,Bank Transfer,INV1125,18982.87
7/21/2024,RCPT1126,Cash Customer,Bank Transfer,INV1126,27629.43
7/21/2024,RCPT1127,MaxDrive Ltd,Bank Transfer,INV1127,2967.93
7/21/2024,RCPT1128,Nexus Fuels,Bank Transfer,INV1128,4030.65
7/21/2024,RCPT1129,MaxDrive Ltd,Bank Transfer,INV1129,6980.3
7/21/2024,RCPT1130,Civic Petroleum,Bank Transfer,INV1130,4573.79
7/21/2024,RCPT1131,Delta Haulage,Bank Transfer,INV1131,2360.34
7/22/2024,RCPT1132,Cash Customer,Bank Transfer,INV1132,25312.98
7/22/2024,RCPT1133,Cash Customer,Bank Transfer,INV1133,23271.6
7/22/2024,RCPT1134,Eagle Freight,Bank Transfer,INV1134,2089.78
7/22/2024,RCPT1135,Beta Logistics,Bank Transfer,INV1135,5113.31
7/22/2024,RCPT1136,Helix Petroleum,Bank Transfer,INV1136,10319.53
7/22/2024,RCPT1137,Civic Petroleum,Bank Transfer,INV1137,7571.78
7/22/2024,RCPT1138,Delta Haulage,Bank Transfer,INV1138,10980
7/23/2024,RCPT1139,Cash Customer,Bank Transfer,INV1139,27680.31
7/23/2024,RCPT1140,Cash Customer,Bank Transfer,INV1140,24292.06
7/23/2024,RCPT1141,MaxDrive Ltd,Bank Transfer,INV1141,7348.68
7/23/2024,RCPT1142,Eagle Freight,Bank Transfer,INV1142,1963.84
7/23/2024,RCPT1143,Nexus Fuels,Bank Transfer,INV1143,11501.28
7/23/2024,RCPT1144,Alpha Transport,Bank Transfer,INV1144,2833.62
7/23/2024,RCPT1145,Delta Haulage,Bank Transfer,INV1145,10955.88
7/24/2024,RCPT1146,Cash Customer,Bank Transfer,INV1146,23857.88
7/24/2024,RCPT1147,Cash Customer,Bank Transfer,INV1147,14811.16
7/24/2024,RCPT1148,Ivy Fuels,Bank Transfer,INV1148,9875.46
7/24/2024,RCPT1149,Lumen Traders,Bank Transfer,INV1149,7845.19
7/24/2024,RCPT1150,Giga Haulers,Bank Transfer,INV1150,2699.62
7/24/2024,RCPT1151,Omega Cargo,Bank Transfer,INV1151,9609.72
7/24/2024,RCPT1152,MaxDrive Ltd,Bank Transfer,INV1152,6552.72
7/24/2024,RCPT1153,Helix Petroleum,Bank Transfer,INV1153,3050.2
7/25/2024,RCPT1154,Cash Customer,Bank Transfer,INV1154,16492.5
7/25/2024,RCPT1155,Cash Customer,Bank Transfer,INV1155,26560.8
7/25/2024,RCPT1156,Giga Haulers,Bank Transfer,INV1156,9407.8
7/25/2024,RCPT1157,Lumen Traders,Bank Transfer,INV1157,2915.1
7/25/2024,RCPT1158,Lumen Traders,Bank Transfer,INV1158,8433.18
7/25/2024,RCPT1159,MaxDrive Ltd,Bank Transfer,INV1159,4711.35
7/25/2024,RCPT1160,Civic Petroleum,Bank Transfer,INV1160,10520.64
7/25/2024,RCPT1161,Kappa Transporters,Bank Transfer,INV1161,10990.48
7/26/2024,RCPT1162,Cash Customer,Bank Transfer,INV1162,24901.77
7/26/2024,RCPT1163,Cash Customer,Bank Transfer,INV1163,23272.11
7/26/2024,RCPT1164,Omega Cargo,Bank Transfer,INV1164,5604.75
7/26/2024,RCPT1165,Eagle Freight,Bank Transfer,INV1165,5436.04
7/26/2024,RCPT1166,MaxDrive Ltd,Bank Transfer,INV1166,4399.37
7/26/2024,RCPT1167,Beta Logistics,Bank Transfer,INV1167,5235
7/27/2024,RCPT1168,Cash Customer,Bank Transfer,INV1168,28600.29
7/27/2024,RCPT1169,Cash Customer,Bank Transfer,INV1169,19044.1
7/27/2024,RCPT1170,Helix Petroleum,Bank Transfer,INV1170,6744.72
7/27/2024,RCPT1171,Kappa Transporters,Bank Transfer,INV1171,4341.84
7/27/2024,RCPT1172,Omega Cargo,Bank Transfer,INV1172,7095.27
7/28/2024,RCPT1173,Cash Customer,Bank Transfer,INV1173,15256.24
7/28/2024,RCPT1174,Cash Customer,Bank Transfer,INV1174,21533.82
7/28/2024,RCPT1175,Giga Haulers,Bank Transfer,INV1175,1931.3
7/28/2024,RCPT1176,Kappa Transporters,Bank Transfer,INV1176,10366.4
7/28/2024,RCPT1177,Nexus Fuels,Bank Transfer,INV1177,3275.34
7/29/2024,RCPT1178,Cash Customer,Bank Transfer,INV1178,22276.8
7/29/2024,RCPT1179,Cash Customer,Bank Transfer,INV1179,17167.16
7/29/2024,RCPT1180,Ivy Fuels,Bank Transfer,INV1180,3707.05
7/29/2024,RCPT1181,Beta Logistics,Bank Transfer,INV1181,9123.84
7/29/2024,RCPT1182,Civic Petroleum,Bank Transfer,INV1182,9196.4
7/29/2024,RCPT1183,Ivy Fuels,Bank Transfer,INV1183,3681.8
7/29/2024,RCPT1184,Giga Haulers,Bank Transfer,INV1184,9926.74
7/30/2024,RCPT1185,Cash Customer,Bank Transfer,INV1185,29209.28
7/30/2024,RCPT1186,Cash Customer,Bank Transfer,INV1186,26233.87
7/30/2024,RCPT1187,Helix Petroleum,Bank Transfer,INV1187,7912.4
7/30/2024,RCPT1188,Alpha Transport,Bank Transfer,INV1188,9451.2
7/30/2024,RCPT1189,Alpha Transport,Bank Transfer,INV1189,5121.1
7/30/2024,RCPT1190,Eagle Freight,Bank Transfer,INV1190,2645.76
7/30/2024,RCPT1191,Falcon Movers,Bank Transfer,INV1191,10428.76
7/31/2024,RCPT1192,Cash Customer,Bank Transfer,INV1192,30786.1
7/31/2024,RCPT1193,Cash Customer,Bank Transfer,INV1193,16758.04
7/31/2024,RCPT1194,Omega Cargo,Bank Transfer,INV1194,7337.52
7/31/2024,RCPT1195,Lumen Traders,Bank Transfer,INV1195,9049.56
7/31/2024,RCPT1196,Alpha Transport,Bank Transfer,INV1196,4419.2
7/31/2024,RCPT1197,MaxDrive Ltd,Bank Transfer,INV1197,6082.58
7/31/2024,RCPT1198,Falcon Movers,Bank Transfer,INV1198,10257.8
8/1/2024,RCPT1199,Cash Customer,Bank Transfer,INV1199,27136.53
8/1/2024,RCPT1200,Cash Customer,Bank Transfer,INV1200,25709.99
8/1/2024,RCPT1201,Delta Haulage,Bank Transfer,INV1201,3834.6
8/1/2024,RCPT1202,Civic Petroleum,Bank Transfer,INV1202,3759.84
8/1/2024,RCPT1203,Lumen Traders,Bank Transfer,INV1203,7964.97
8/1/2024,RCPT1204,Lumen Traders,Bank Transfer,INV1204,11473.41
8/1/2024,RCPT1205,Beta Logistics,Bank Transfer,INV1205,3166.8
8/1/2024,RCPT1206,Beta Logistics,Bank Transfer,INV1206,3992.04
8/2/2024,RCPT1207,Cash Customer,Bank Transfer,INV1207,29129.36
8/2/2024,RCPT1208,Cash Customer,Bank Transfer,INV1208,27337.5
8/2/2024,RCPT1209,Ivy Fuels,Bank Transfer,INV1209,4779.72
8/2/2024,RCPT1210,MaxDrive Ltd,Bank Transfer,INV1210,4811.76
8/2/2024,RCPT1211,Giga Haulers,Bank Transfer,INV1211,8524.16
8/2/2024,RCPT1212,Falcon Movers,Bank Transfer,INV1212,6512.64
8/2/2024,RCPT1213,Jupiter Energy,Bank Transfer,INV1213,2881.48
8/2/2024,RCPT1214,Jupiter Energy,Bank Transfer,INV1214,8204.2
8/3/2024,RCPT1215,Cash Customer,Bank Transfer,INV1215,18775.04
8/3/2024,RCPT1216,Cash Customer,Bank Transfer,INV1216,23573.55
8/3/2024,RCPT1218,Delta Haulage,Bank Transfer,INV1218,11753.46
8/3/2024,RCPT1219,Alpha Transport,Bank Transfer,INV1219,10805.05
8/3/2024,RCPT1220,Delta Haulage,Bank Transfer,INV1220,2524.34
8/3/2024,RCPT1221,Jupiter Energy,Bank Transfer,INV1221,4890.84
8/4/2024,RCPT1222,Cash Customer,Bank Transfer,INV1222,18135.07
8/4/2024,RCPT1223,Cash Customer,Bank Transfer,INV1223,26742.96
8/4/2024,RCPT1224,Alpha Transport,Bank Transfer,INV1224,7872.09
8/4/2024,RCPT1225,Jupiter Energy,Bank Transfer,INV1225,4513.5
8/4/2024,RCPT1226,Falcon Movers,Bank Transfer,INV1226,10505.35
8/4/2024,RCPT1227,Giga Haulers,Bank Transfer,INV1227,12475.2
8/4/2024,RCPT1228,Ivy Fuels,Bank Transfer,INV1228,9876.96
8/4/2024,RCPT1229,Ivy Fuels,Bank Transfer,INV1229,6213.76
8/5/2024,RCPT1230,Cash Customer,Bank Transfer,INV1230,19680
8/5/2024,RCPT1231,Cash Customer,Bank Transfer,INV1231,19241.74
8/5/2024,RCPT1232,Giga Haulers,Bank Transfer,INV1232,3336
8/5/2024,RCPT1233,Ivy Fuels,Bank Transfer,INV1233,2862.16
8/5/2024,RCPT1234,Falcon Movers,Bank Transfer,INV1234,8517.4
8/6/2024,RCPT1235,Cash Customer,Bank Transfer,INV1235,28198.65
8/6/2024,RCPT1236,Cash Customer,Bank Transfer,INV1236,25541.04
8/6/2024,RCPT1237,Nexus Fuels,Bank Transfer,INV1237,11302.56
8/6/2024,RCPT1238,Jupiter Energy,Bank Transfer,INV1238,10524.28
8/6/2024,RCPT1239,Delta Haulage,Bank Transfer,INV1239,7086.44
8/6/2024,RCPT1240,Alpha Transport,Bank Transfer,INV1240,3318.7
8/7/2024,RCPT1241,Cash Customer,Bank Transfer,INV1241,23170.32
8/7/2024,RCPT1242,Cash Customer,Bank Transfer,INV1242,21230.75
8/7/2024,RCPT1243,Civic Petroleum,Bank Transfer,INV1243,8851.53
8/7/2024,RCPT1244,Lumen Traders,Bank Transfer,INV1244,7351.47
8/7/2024,RCPT1245,Beta Logistics,Bank Transfer,INV1245,5878.32
8/7/2024,RCPT1246,Ivy Fuels,Bank Transfer,INV1246,3960.6
8/8/2024,RCPT1247,Cash Customer,Bank Transfer,INV1247,17952.39
8/8/2024,RCPT1248,Cash Customer,Bank Transfer,INV1248,27845.67
8/8/2024,RCPT1249,Helix Petroleum,Bank Transfer,INV1249,11486.58
8/8/2024,RCPT1250,Delta Haulage,Bank Transfer,INV1250,3586.7
8/8/2024,RCPT1251,Kappa Transporters,Bank Transfer,INV1251,7295.85
8/8/2024,RCPT1252,Giga Haulers,Bank Transfer,INV1252,11019.83
8/8/2024,RCPT1253,Omega Cargo,Bank Transfer,INV1253,4915.82
8/9/2024,RCPT1254,Cash Customer,Bank Transfer,INV1254,19151.6
8/9/2024,RCPT1255,Cash Customer,Bank Transfer,INV1255,23707.84
8/9/2024,RCPT1256,Jupiter Energy,Bank Transfer,INV1256,6550.44
8/9/2024,RCPT1257,Helix Petroleum,Bank Transfer,INV1257,7169.48
8/9/2024,RCPT1258,Helix Petroleum,Bank Transfer,INV1258,5613.74
8/9/2024,RCPT1259,Alpha Transport,Bank Transfer,INV1259,4077.45
8/10/2024,RCPT1260,Cash Customer,Bank Transfer,INV1260,20212.96
8/10/2024,RCPT1261,Cash Customer,Bank Transfer,INV1261,29328.12
8/10/2024,RCPT1263,Kappa Transporters,Bank Transfer,INV1263,3974.04
8/10/2024,RCPT1264,Alpha Transport,Bank Transfer,INV1264,12454.81
8/10/2024,RCPT1265,Alpha Transport,Bank Transfer,INV1265,5038.13
8/10/2024,RCPT1266,Omega Cargo,Bank Transfer,INV1266,11004
8/10/2024,RCPT1267,Lumen Traders,Bank Transfer,INV1267,6958.32
8/11/2024,RCPT1268,Cash Customer,Bank Transfer,INV1268,22450.42
8/11/2024,RCPT1269,Cash Customer,Bank Transfer,INV1269,27686.4
8/11/2024,RCPT1270,Giga Haulers,Bank Transfer,INV1270,3606.76
8/11/2024,RCPT1271,Civic Petroleum,Bank Transfer,INV1271,3132.15
8/11/2024,RCPT1272,Ivy Fuels,Bank Transfer,INV1272,7690.34
8/12/2024,RCPT1273,Cash Customer,Bank Transfer,INV1273,20342.97
8/12/2024,RCPT1274,Cash Customer,Bank Transfer,INV1274,24643.97
8/12/2024,RCPT1275,Jupiter Energy,Bank Transfer,INV1275,1783.52
8/12/2024,RCPT1276,Kappa Transporters,Bank Transfer,INV1276,10894.5
8/12/2024,RCPT1277,MaxDrive Ltd,Bank Transfer,INV1277,1821.25
8/12/2024,RCPT1278,Beta Logistics,Bank Transfer,INV1278,1772.53
8/13/2024,RCPT1279,Cash Customer,Bank Transfer,INV1279,16354.5
8/13/2024,RCPT1280,Cash Customer,Bank Transfer,INV1280,24676
8/13/2024,RCPT1281,Helix Petroleum,Bank Transfer,INV1281,5378.32
8/13/2024,RCPT1282,Alpha Transport,Bank Transfer,INV1282,3833.15
8/13/2024,RCPT1283,Lumen Traders,Bank Transfer,INV1283,3993.1
8/13/2024,RCPT1284,Helix Petroleum,Bank Transfer,INV1284,10241.35
8/14/2024,RCPT1285,Cash Customer,Bank Transfer,INV1285,20149.74
8/14/2024,RCPT1286,Cash Customer,Bank Transfer,INV1286,15517.88
8/14/2024,RCPT1287,MaxDrive Ltd,Bank Transfer,INV1287,4418.64
8/14/2024,RCPT1288,Omega Cargo,Bank Transfer,INV1288,5215.41
8/14/2024,RCPT1289,Delta Haulage,Bank Transfer,INV1289,2184.6
8/14/2024,RCPT1290,Helix Petroleum,Bank Transfer,INV1290,7972.02
8/15/2024,RCPT1291,Cash Customer,Bank Transfer,INV1291,19299.28
8/15/2024,RCPT1292,Cash Customer,Bank Transfer,INV1292,17575.92
8/15/2024,RCPT1293,Giga Haulers,Bank Transfer,INV1293,8752.51
8/15/2024,RCPT1294,Lumen Traders,Bank Transfer,INV1294,5852.25
8/15/2024,RCPT1295,Kappa Transporters,Bank Transfer,INV1295,6150
8/15/2024,RCPT1296,Civic Petroleum,Bank Transfer,INV1296,5690.8
8/16/2024,RCPT1297,Cash Customer,Bank Transfer,INV1297,19269.04
8/16/2024,RCPT1298,Cash Customer,Bank Transfer,INV1298,13921.19
8/16/2024,RCPT1299,Nexus Fuels,Bank Transfer,INV1299,3709.1
8/16/2024,RCPT1300,Delta Haulage,Bank Transfer,INV1300,5300.48
8/16/2024,RCPT1301,Beta Logistics,Bank Transfer,INV1301,8431.5
8/16/2024,RCPT1302,Alpha Transport,Bank Transfer,INV1302,5730.35
8/16/2024,RCPT1303,Beta Logistics,Bank Transfer,INV1303,4367.73
8/17/2024,RCPT1304,Cash Customer,Bank Transfer,INV1304,18119.37
8/17/2024,RCPT1305,Cash Customer,Bank Transfer,INV1305,14754.48
8/17/2024,RCPT1306,Beta Logistics,Bank Transfer,INV1306,11404.2
8/17/2024,RCPT1307,Civic Petroleum,Bank Transfer,INV1307,6828.39
8/17/2024,RCPT1308,Nexus Fuels,Bank Transfer,INV1308,9977.76
8/17/2024,RCPT1309,Helix Petroleum,Bank Transfer,INV1309,10905.22
8/18/2024,RCPT1310,Cash Customer,Bank Transfer,INV1310,19475.91
8/18/2024,RCPT1311,Cash Customer,Bank Transfer,INV1311,28914.38
8/18/2024,RCPT1312,Omega Cargo,Bank Transfer,INV1312,6683.6
8/18/2024,RCPT1313,Giga Haulers,Bank Transfer,INV1313,2487.84
8/18/2024,RCPT1314,Falcon Movers,Bank Transfer,INV1314,5589.96
8/19/2024,RCPT1315,Cash Customer,Bank Transfer,INV1315,27663.4
8/19/2024,RCPT1316,Cash Customer,Bank Transfer,INV1316,23144.55
8/19/2024,RCPT1317,Beta Logistics,Bank Transfer,INV1317,10625.03
8/19/2024,RCPT1318,Lumen Traders,Bank Transfer,INV1318,4113.33
8/19/2024,RCPT1319,Omega Cargo,Bank Transfer,INV1319,4416
8/19/2024,RCPT1320,Eagle Freight,Bank Transfer,INV1320,9515.88
8/20/2024,RCPT1321,Cash Customer,Bank Transfer,INV1321,23471.84
8/20/2024,RCPT1322,Cash Customer,Bank Transfer,INV1322,22388.6
8/20/2024,RCPT1323,Alpha Transport,Bank Transfer,INV1323,10963.26
8/20/2024,RCPT1324,Delta Haulage,Bank Transfer,INV1324,7731.75
8/20/2024,RCPT1325,Alpha Transport,Bank Transfer,INV1325,4055.73
8/20/2024,RCPT1326,Helix Petroleum,Bank Transfer,INV1326,3455.06
8/20/2024,RCPT1327,Lumen Traders,Bank Transfer,INV1327,4617.6
8/20/2024,RCPT1328,MaxDrive Ltd,Bank Transfer,INV1328,10587.92
8/21/2024,RCPT1329,Cash Customer,Bank Transfer,INV1329,16882.3
8/21/2024,RCPT1330,Cash Customer,Bank Transfer,INV1330,17823.24
8/21/2024,RCPT1331,Helix Petroleum,Bank Transfer,INV1331,10167.04
8/21/2024,RCPT1332,Eagle Freight,Bank Transfer,INV1332,10469.08
8/21/2024,RCPT1333,Kappa Transporters,Bank Transfer,INV1333,2498.06
8/21/2024,RCPT1334,Jupiter Energy,Bank Transfer,INV1334,8495.97
8/22/2024,RCPT1335,Cash Customer,Bank Transfer,INV1335,17048.63
8/22/2024,RCPT1336,Cash Customer,Bank Transfer,INV1336,19213.2
8/22/2024,RCPT1337,Delta Haulage,Bank Transfer,INV1337,8350.83
8/22/2024,RCPT1338,Eagle Freight,Bank Transfer,INV1338,3645.04
8/22/2024,RCPT1339,Kappa Transporters,Bank Transfer,INV1339,10505.88
8/22/2024,RCPT1340,Kappa Transporters,Bank Transfer,INV1340,12308.8
8/23/2024,RCPT1341,Cash Customer,Bank Transfer,INV1341,16830.56
8/23/2024,RCPT1342,Cash Customer,Bank Transfer,INV1342,26161.2
8/23/2024,RCPT1343,Alpha Transport,Bank Transfer,INV1343,7967.03
8/23/2024,RCPT1344,Giga Haulers,Bank Transfer,INV1344,2096.08
8/23/2024,RCPT1345,Eagle Freight,Bank Transfer,INV1345,9343.16
8/23/2024,RCPT1346,Ivy Fuels,Bank Transfer,INV1346,9167.34
8/24/2024,RCPT1347,Cash Customer,Bank Transfer,INV1347,25240.6
8/24/2024,RCPT1348,Cash Customer,Bank Transfer,INV1348,20078.7
8/24/2024,RCPT1349,Eagle Freight,Bank Transfer,INV1349,4559.11
8/24/2024,RCPT1350,Beta Logistics,Bank Transfer,INV1350,11910.4
8/24/2024,RCPT1351,Beta Logistics,Bank Transfer,INV1351,11324.3
8/24/2024,RCPT1352,Kappa Transporters,Bank Transfer,INV1352,8494
8/24/2024,RCPT1353,Jupiter Energy,Bank Transfer,INV1353,4094.56
8/25/2024,RCPT1354,Cash Customer,Bank Transfer,INV1354,23941.74
8/25/2024,RCPT1355,Cash Customer,Bank Transfer,INV1355,23039.77
8/25/2024,RCPT1356,Jupiter Energy,Bank Transfer,INV1356,8568.4
8/25/2024,RCPT1357,Civic Petroleum,Bank Transfer,INV1357,2443.18
8/25/2024,RCPT1358,Jupiter Energy,Bank Transfer,INV1358,5370.97
8/25/2024,RCPT1359,Beta Logistics,Bank Transfer,INV1359,10922.8
8/26/2024,RCPT1360,Cash Customer,Bank Transfer,INV1360,24224.93
8/26/2024,RCPT1361,Cash Customer,Bank Transfer,INV1361,17174.85
8/26/2024,RCPT1362,Omega Cargo,Bank Transfer,INV1362,9105.54
8/26/2024,RCPT1363,Omega Cargo,Bank Transfer,INV1363,11036.8
8/26/2024,RCPT1364,MaxDrive Ltd,Bank Transfer,INV1364,7672.32
8/26/2024,RCPT1365,Helix Petroleum,Bank Transfer,INV1365,9542.52
8/27/2024,RCPT1366,Cash Customer,Bank Transfer,INV1366,26481.75
8/27/2024,RCPT1367,Cash Customer,Bank Transfer,INV1367,19612.9
8/27/2024,RCPT1368,Jupiter Energy,Bank Transfer,INV1368,7156.8
8/27/2024,RCPT1369,Helix Petroleum,Bank Transfer,INV1369,6478.7
8/27/2024,RCPT1370,Lumen Traders,Bank Transfer,INV1370,4354.48
8/27/2024,RCPT1371,MaxDrive Ltd,Bank Transfer,INV1371,9367.8
8/27/2024,RCPT1372,Kappa Transporters,Bank Transfer,INV1372,4865.46
8/27/2024,RCPT1373,Alpha Transport,Bank Transfer,INV1373,12293.82
8/28/2024,RCPT1374,Cash Customer,Bank Transfer,INV1374,18634.8
8/28/2024,RCPT1375,Cash Customer,Bank Transfer,INV1375,18531.2
8/28/2024,RCPT1376,Delta Haulage,Bank Transfer,INV1376,3510.45
8/28/2024,RCPT1377,Civic Petroleum,Bank Transfer,INV1377,9203.04
8/28/2024,RCPT1378,Eagle Freight,Bank Transfer,INV1378,5827.2
8/29/2024,RCPT1379,Cash Customer,Bank Transfer,INV1379,19530.08
8/29/2024,RCPT1380,Cash Customer,Bank Transfer,INV1380,24655.41
8/29/2024,RCPT1381,MaxDrive Ltd,Bank Transfer,INV1381,8155.56
8/29/2024,RCPT1382,Helix Petroleum,Bank Transfer,INV1382,11685.51
8/29/2024,RCPT1383,Beta Logistics,Bank Transfer,INV1383,1863.4
8/30/2024,RCPT1384,Cash Customer,Bank Transfer,INV1384,19489.98
8/30/2024,RCPT1385,Cash Customer,Bank Transfer,INV1385,21213.9
8/30/2024,RCPT1386,Jupiter Energy,Bank Transfer,INV1386,11046.6
8/30/2024,RCPT1387,Falcon Movers,Bank Transfer,INV1387,9026.54
8/30/2024,RCPT1389,Jupiter Energy,Bank Transfer,INV1389,4353.42
8/30/2024,RCPT1390,Nexus Fuels,Bank Transfer,INV1390,12388.87
8/30/2024,RCPT1391,Eagle Freight,Bank Transfer,INV1391,7433.9
8/31/2024,RCPT1392,Cash Customer,Bank Transfer,INV1392,20900.23
8/31/2024,RCPT1393,Cash Customer,Bank Transfer,INV1393,18456.92
8/31/2024,RCPT1394,Lumen Traders,Bank Transfer,INV1394,11107.2
8/31/2024,RCPT1395,Alpha Transport,Bank Transfer,INV1395,3301.76
8/31/2024,RCPT1396,Falcon Movers,Bank Transfer,INV1396,3801.84
8/31/2024,RCPT1397,Alpha Transport,Bank Transfer,INV1397,3674.3
9/1/2024,RCPT1398,Cash Customer,Bank Transfer,INV1398,15703.76
9/1/2024,RCPT1399,Cash Customer,Bank Transfer,INV1399,13609.57
9/1/2024,RCPT1400,Ivy Fuels,Bank Transfer,INV1400,5376.95
9/1/2024,RCPT1401,Ivy Fuels,Bank Transfer,INV1401,9677.65
9/1/2024,RCPT1402,Kappa Transporters,Bank Transfer,INV1402,8852.8
9/1/2024,RCPT1403,Eagle Freight,Bank Transfer,INV1403,11758.4
9/2/2024,RCPT1404,Cash Customer,Bank Transfer,INV1404,19362.72
9/2/2024,RCPT1405,Cash Customer,Bank Transfer,INV1405,19228.56
9/2/2024,RCPT1406,Falcon Movers,Bank Transfer,INV1406,9449.98
9/2/2024,RCPT1407,Eagle Freight,Bank Transfer,INV1407,7444.94
9/2/2024,RCPT1408,Eagle Freight,Bank Transfer,INV1408,4025.48
9/2/2024,RCPT1409,Omega Cargo,Bank Transfer,INV1409,6013.8
9/3/2024,RCPT1410,Cash Customer,Bank Transfer,INV1410,25796.65
9/3/2024,RCPT1411,Cash Customer,Bank Transfer,INV1411,20606.4
9/3/2024,RCPT1412,Beta Logistics,Bank Transfer,INV1412,4378.73
9/3/2024,RCPT1413,Ivy Fuels,Bank Transfer,INV1413,6969
9/3/2024,RCPT1414,Falcon Movers,Bank Transfer,INV1414,1584
9/3/2024,RCPT1415,Nexus Fuels,Bank Transfer,INV1415,3384.92
9/3/2024,RCPT1416,Falcon Movers,Bank Transfer,INV1416,4454.1
9/4/2024,RCPT1417,Cash Customer,Bank Transfer,INV1417,19896.8
9/4/2024,RCPT1418,Cash Customer,Bank Transfer,INV1418,24129.84
9/4/2024,RCPT1419,Falcon Movers,Bank Transfer,INV1419,11771.76
9/4/2024,RCPT1420,Delta Haulage,Bank Transfer,INV1420,2140.14
9/4/2024,RCPT1421,Civic Petroleum,Bank Transfer,INV1421,11520
9/5/2024,RCPT1422,Cash Customer,Bank Transfer,INV1422,17556.78
9/5/2024,RCPT1424,Falcon Movers,Bank Transfer,INV1424,3175.48
9/5/2024,RCPT1425,Giga Haulers,Bank Transfer,INV1425,7048.12
9/5/2024,RCPT1426,Eagle Freight,Bank Transfer,INV1426,5774.96
9/5/2024,RCPT1427,Omega Cargo,Bank Transfer,INV1427,9476.4
9/5/2024,RCPT1428,Helix Petroleum,Bank Transfer,INV1428,3502.86
9/5/2024,RCPT1429,Delta Haulage,Bank Transfer,INV1429,7981.68
9/6/2024,RCPT1430,Cash Customer,Bank Transfer,INV1430,22111.5
9/6/2024,RCPT1431,Cash Customer,Bank Transfer,INV1431,25868.89
9/6/2024,RCPT1432,Jupiter Energy,Bank Transfer,INV1432,6675.06
9/6/2024,RCPT1433,Jupiter Energy,Bank Transfer,INV1433,12568.93
9/6/2024,RCPT1434,Omega Cargo,Bank Transfer,INV1434,2639.68
9/6/2024,RCPT1435,Civic Petroleum,Bank Transfer,INV1435,4121.91
9/6/2024,RCPT1436,Omega Cargo,Bank Transfer,INV1436,11488.95
9/7/2024,RCPT1437,Cash Customer,Bank Transfer,INV1437,18875.2
9/7/2024,RCPT1438,Cash Customer,Bank Transfer,INV1438,21992
9/7/2024,RCPT1439,Civic Petroleum,Bank Transfer,INV1439,11640
9/7/2024,RCPT1440,Alpha Transport,Bank Transfer,INV1440,2334.5
9/7/2024,RCPT1441,Giga Haulers,Bank Transfer,INV1441,3791.55
9/7/2024,RCPT1442,Kappa Transporters,Bank Transfer,INV1442,4778.28
9/7/2024,RCPT1443,Eagle Freight,Bank Transfer,INV1443,11317.46
9/7/2024,RCPT1444,Civic Petroleum,Bank Transfer,INV1444,5502.85
9/8/2024,RCPT1445,Cash Customer,Bank Transfer,INV1445,24133.53
9/8/2024,RCPT1446,Cash Customer,Bank Transfer,INV1446,29465.7
9/8/2024,RCPT1447,Ivy Fuels,Bank Transfer,INV1447,3321.94
9/8/2024,RCPT1448,Eagle Freight,Bank Transfer,INV1448,10521.9
9/8/2024,RCPT1449,MaxDrive Ltd,Bank Transfer,INV1449,2545.2
9/8/2024,RCPT1450,MaxDrive Ltd,Bank Transfer,INV1450,3336.25
9/8/2024,RCPT1451,MaxDrive Ltd,Bank Transfer,INV1451,7913.56
9/8/2024,RCPT1452,Giga Haulers,Bank Transfer,INV1452,10396.5
9/9/2024,RCPT1453,Cash Customer,Bank Transfer,INV1453,15645.11
9/9/2024,RCPT1454,Cash Customer,Bank Transfer,INV1454,18216.88
9/9/2024,RCPT1455,Omega Cargo,Bank Transfer,INV1455,6659.85
9/9/2024,RCPT1456,Eagle Freight,Bank Transfer,INV1456,11720.05
9/9/2024,RCPT1457,Civic Petroleum,Bank Transfer,INV1457,1917.3
9/9/2024,RCPT1458,Delta Haulage,Bank Transfer,INV1458,6021.4
9/9/2024,RCPT1459,Eagle Freight,Bank Transfer,INV1459,10101.27
9/10/2024,RCPT1460,Cash Customer,Bank Transfer,INV1460,21895
9/10/2024,RCPT1461,Cash Customer,Bank Transfer,INV1461,25802.4
9/10/2024,RCPT1462,Alpha Transport,Bank Transfer,INV1462,3686.72
9/10/2024,RCPT1463,Civic Petroleum,Bank Transfer,INV1463,2321.4
9/10/2024,RCPT1464,Delta Haulage,Bank Transfer,INV1464,5238.24
9/10/2024,RCPT1465,MaxDrive Ltd,Bank Transfer,INV1465,8534.06
9/10/2024,RCPT1466,Beta Logistics,Bank Transfer,INV1466,1915.95
9/10/2024,RCPT1467,Jupiter Energy,Bank Transfer,INV1467,12451.67
9/11/2024,RCPT1468,Cash Customer,Bank Transfer,INV1468,24175.62
9/11/2024,RCPT1469,Cash Customer,Bank Transfer,INV1469,20400.72
9/11/2024,RCPT1470,Ivy Fuels,Bank Transfer,INV1470,10371.42
9/11/2024,RCPT1471,Jupiter Energy,Bank Transfer,INV1471,8857.68
9/11/2024,RCPT1472,Kappa Transporters,Bank Transfer,INV1472,2291.03
9/12/2024,RCPT1473,Cash Customer,Bank Transfer,INV1473,25131.78
9/12/2024,RCPT1474,Cash Customer,Bank Transfer,INV1474,26877.96
9/12/2024,RCPT1475,Omega Cargo,Bank Transfer,INV1475,1817.7
9/12/2024,RCPT1476,MaxDrive Ltd,Bank Transfer,INV1476,8932.56
9/12/2024,RCPT1477,MaxDrive Ltd,Bank Transfer,INV1477,12744.6
9/12/2024,RCPT1478,Jupiter Energy,Bank Transfer,INV1478,5789.2
9/12/2024,RCPT1479,Civic Petroleum,Bank Transfer,INV1479,2209.35
9/12/2024,RCPT1480,Helix Petroleum,Bank Transfer,INV1480,4826.3
9/13/2024,RCPT1481,Cash Customer,Bank Transfer,INV1481,19994.94
9/13/2024,RCPT1482,Cash Customer,Bank Transfer,INV1482,15338.16
9/13/2024,RCPT1483,Beta Logistics,Bank Transfer,INV1483,5693.29
9/13/2024,RCPT1484,Falcon Movers,Bank Transfer,INV1484,3878.55
9/13/2024,RCPT1485,Eagle Freight,Bank Transfer,INV1485,3371.25
9/13/2024,RCPT1486,Lumen Traders,Bank Transfer,INV1486,4953.9
9/13/2024,RCPT1487,Ivy Fuels,Bank Transfer,INV1487,9172.71
9/13/2024,RCPT1488,Kappa Transporters,Bank Transfer,INV1488,8540.38
9/14/2024,RCPT1489,Cash Customer,Bank Transfer,INV1489,22680.72
9/14/2024,RCPT1490,Cash Customer,Bank Transfer,INV1490,16470.74
9/14/2024,RCPT1491,Falcon Movers,Bank Transfer,INV1491,11179.62
9/14/2024,RCPT1492,Giga Haulers,Bank Transfer,INV1492,3593.73
9/14/2024,RCPT1493,Falcon Movers,Bank Transfer,INV1493,2475.72
9/15/2024,RCPT1494,Cash Customer,Bank Transfer,INV1494,18402.26
9/15/2024,RCPT1495,Cash Customer,Bank Transfer,INV1495,20143.2
9/15/2024,RCPT1496,Delta Haulage,Bank Transfer,INV1496,9924.08
9/15/2024,RCPT1497,Giga Haulers,Bank Transfer,INV1497,5994.3
9/15/2024,RCPT1498,MaxDrive Ltd,Bank Transfer,INV1498,7368.06
9/15/2024,RCPT1499,Helix Petroleum,Bank Transfer,INV1499,1876.05
9/16/2024,RCPT1500,Cash Customer,Bank Transfer,INV1500,20715.38
9/16/2024,RCPT1501,Cash Customer,Bank Transfer,INV1501,17024.58
9/16/2024,RCPT1502,Eagle Freight,Bank Transfer,INV1502,5788.42
9/16/2024,RCPT1503,Civic Petroleum,Bank Transfer,INV1503,2393.35
9/16/2024,RCPT1504,Jupiter Energy,Bank Transfer,INV1504,7370.58
9/16/2024,RCPT1505,Eagle Freight,Bank Transfer,INV1505,3310.8
9/17/2024,RCPT1506,Cash Customer,Bank Transfer,INV1506,27891.24
9/17/2024,RCPT1507,Cash Customer,Bank Transfer,INV1507,15727.6
9/17/2024,RCPT1508,Ivy Fuels,Bank Transfer,INV1508,7559.64
9/17/2024,RCPT1509,Nexus Fuels,Bank Transfer,INV1509,5188.26
9/17/2024,RCPT1510,MaxDrive Ltd,Bank Transfer,INV1510,5924.88
9/17/2024,RCPT1511,Lumen Traders,Bank Transfer,INV1511,7599.9
9/17/2024,RCPT1512,Civic Petroleum,Bank Transfer,INV1512,5461.2
9/17/2024,RCPT1513,Helix Petroleum,Bank Transfer,INV1513,6571.48
9/18/2024,RCPT1514,Cash Customer,Bank Transfer,INV1514,26332.89
9/18/2024,RCPT1515,Cash Customer,Bank Transfer,INV1515,22716.33
9/18/2024,RCPT1516,Ivy Fuels,Bank Transfer,INV1516,2654.4
9/18/2024,RCPT1517,Giga Haulers,Bank Transfer,INV1517,9755.28
9/18/2024,RCPT1518,Beta Logistics,Bank Transfer,INV1518,5828.16
9/18/2024,RCPT1519,MaxDrive Ltd,Bank Transfer,INV1519,6790.89
9/18/2024,RCPT1520,Giga Haulers,Bank Transfer,INV1520,8467.08
9/18/2024,RCPT1521,Delta Haulage,Bank Transfer,INV1521,10596.15
9/19/2024,RCPT1522,Cash Customer,Bank Transfer,INV1522,15978.24
9/19/2024,RCPT1523,Cash Customer,Bank Transfer,INV1523,14899.2
9/19/2024,RCPT1524,Beta Logistics,Bank Transfer,INV1524,10561.2
9/19/2024,RCPT1525,Kappa Transporters,Bank Transfer,INV1525,13464
9/19/2024,RCPT1526,Jupiter Energy,Bank Transfer,INV1526,3982.44
9/19/2024,RCPT1527,Nexus Fuels,Bank Transfer,INV1527,2664.55
9/19/2024,RCPT1528,Beta Logistics,Bank Transfer,INV1528,2480.85
9/20/2024,RCPT1529,Cash Customer,Bank Transfer,INV1529,18529.64
9/20/2024,RCPT1530,Cash Customer,Bank Transfer,INV1530,24288.4
9/20/2024,RCPT1531,Delta Haulage,Bank Transfer,INV1531,8765.67
9/20/2024,RCPT1532,Delta Haulage,Bank Transfer,INV1532,10773.34
9/20/2024,RCPT1533,Delta Haulage,Bank Transfer,INV1533,9277.74
9/20/2024,RCPT1534,Delta Haulage,Bank Transfer,INV1534,7416.24
9/21/2024,RCPT1535,Cash Customer,Bank Transfer,INV1535,21182.85
9/21/2024,RCPT1536,Cash Customer,Bank Transfer,INV1536,13279.08
9/21/2024,RCPT1537,Civic Petroleum,Bank Transfer,INV1537,4323.78
9/21/2024,RCPT1538,Beta Logistics,Bank Transfer,INV1538,8676.72
9/21/2024,RCPT1539,Helix Petroleum,Bank Transfer,INV1539,5051.2
9/21/2024,RCPT1540,Eagle Freight,Bank Transfer,INV1540,6942
9/21/2024,RCPT1541,Jupiter Energy,Bank Transfer,INV1541,12914.49
9/22/2024,RCPT1542,Cash Customer,Bank Transfer,INV1542,15802.8
9/22/2024,RCPT1543,Cash Customer,Bank Transfer,INV1543,16673.27
9/22/2024,RCPT1544,Alpha Transport,Bank Transfer,INV1544,4003.61
9/22/2024,RCPT1545,Alpha Transport,Bank Transfer,INV1545,2531.1
9/22/2024,RCPT1546,Omega Cargo,Bank Transfer,INV1546,9612.96
9/22/2024,RCPT1547,Beta Logistics,Bank Transfer,INV1547,2026.44
9/23/2024,RCPT1548,Cash Customer,Bank Transfer,INV1548,21330
9/23/2024,RCPT1549,Cash Customer,Bank Transfer,INV1549,20927.62
9/23/2024,RCPT1550,Lumen Traders,Bank Transfer,INV1550,1679.9
9/23/2024,RCPT1551,MaxDrive Ltd,Bank Transfer,INV1551,4504.32
9/23/2024,RCPT1552,MaxDrive Ltd,Bank Transfer,INV1552,4807.84
9/24/2024,RCPT1553,Cash Customer,Bank Transfer,INV1553,25472.19
9/24/2024,RCPT1554,Cash Customer,Bank Transfer,INV1554,20590.2
9/24/2024,RCPT1555,Kappa Transporters,Bank Transfer,INV1555,2313.36
9/24/2024,RCPT1556,Jupiter Energy,Bank Transfer,INV1556,5735.13
9/24/2024,RCPT1557,Eagle Freight,Bank Transfer,INV1557,5534.1
9/24/2024,RCPT1558,Delta Haulage,Bank Transfer,INV1558,10596.15
9/25/2024,RCPT1559,Cash Customer,Bank Transfer,INV1559,20983.67
9/25/2024,RCPT1560,Cash Customer,Bank Transfer,INV1560,13343.68
9/25/2024,RCPT1561,Delta Haulage,Bank Transfer,INV1561,10696.23
9/25/2024,RCPT1562,Alpha Transport,Bank Transfer,INV1562,12136
9/25/2024,RCPT1563,Jupiter Energy,Bank Transfer,INV1563,7375.5
9/26/2024,RCPT1564,Cash Customer,Bank Transfer,INV1564,21653.4
9/26/2024,RCPT1565,Cash Customer,Bank Transfer,INV1565,24685.92
9/26/2024,RCPT1566,Giga Haulers,Bank Transfer,INV1566,2976.38
9/26/2024,RCPT1567,Helix Petroleum,Bank Transfer,INV1567,10346.76
9/26/2024,RCPT1568,Nexus Fuels,Bank Transfer,INV1568,6120.03
9/26/2024,RCPT1569,Beta Logistics,Bank Transfer,INV1569,10925.7
9/27/2024,RCPT1570,Cash Customer,Bank Transfer,INV1570,21231.21
9/27/2024,RCPT1571,Cash Customer,Bank Transfer,INV1571,25146.59
9/27/2024,RCPT1572,Ivy Fuels,Bank Transfer,INV1572,12054.46
9/27/2024,RCPT1573,Omega Cargo,Bank Transfer,INV1573,9679.08
9/27/2024,RCPT1574,Beta Logistics,Bank Transfer,INV1574,2189.5
9/27/2024,RCPT1575,Alpha Transport,Bank Transfer,INV1575,8375.29
9/27/2024,RCPT1576,MaxDrive Ltd,Bank Transfer,INV1576,7264.32
9/27/2024,RCPT1577,Beta Logistics,Bank Transfer,INV1577,2689.41
9/28/2024,RCPT1578,Cash Customer,Bank Transfer,INV1578,29776.16
9/28/2024,RCPT1579,Cash Customer,Bank Transfer,INV1579,28123.2
9/28/2024,RCPT1580,Delta Haulage,Bank Transfer,INV1580,3690
9/28/2024,RCPT1581,Alpha Transport,Bank Transfer,INV1581,11208.82
9/28/2024,RCPT1582,Alpha Transport,Bank Transfer,INV1582,6879.32
9/28/2024,RCPT1583,Nexus Fuels,Bank Transfer,INV1583,10515.86
9/28/2024,RCPT1584,MaxDrive Ltd,Bank Transfer,INV1584,9158
9/29/2024,RCPT1585,Cash Customer,Bank Transfer,INV1585,16425.12
9/29/2024,RCPT1586,Cash Customer,Bank Transfer,INV1586,17861.25
9/29/2024,RCPT1587,MaxDrive Ltd,Bank Transfer,INV1587,3958.35
9/29/2024,RCPT1588,Beta Logistics,Bank Transfer,INV1588,6012.45
9/29/2024,RCPT1589,Helix Petroleum,Bank Transfer,INV1589,12026.7
9/29/2024,RCPT1590,Omega Cargo,Bank Transfer,INV1590,4405.04
9/30/2024,RCPT1591,Cash Customer,Bank Transfer,INV1591,22779.86
9/30/2024,RCPT1592,Cash Customer,Bank Transfer,INV1592,22779.2
9/30/2024,RCPT1593,Giga Haulers,Bank Transfer,INV1593,2962.5
9/30/2024,RCPT1594,Alpha Transport,Bank Transfer,INV1594,11063.5
9/30/2024,RCPT1595,Omega Cargo,Bank Transfer,INV1595,7065
9/30/2024,RCPT1596,Delta Haulage,Bank Transfer,INV1596,6547.52
10/1/2024,RCPT1597,Cash Customer,Bank Transfer,INV1597,24406.5
10/1/2024,RCPT1598,Cash Customer,Bank Transfer,INV1598,24549.28
10/1/2024,RCPT1599,Eagle Freight,Bank Transfer,INV1599,11217.6
10/1/2024,RCPT1600,Alpha Transport,Bank Transfer,INV1600,2376.55
10/1/2024,RCPT1601,Nexus Fuels,Bank Transfer,INV1601,11454.3
10/2/2024,RCPT1602,Cash Customer,Bank Transfer,INV1602,30652
10/2/2024,RCPT1603,Cash Customer,Bank Transfer,INV1603,26532.36
10/2/2024,RCPT1604,Falcon Movers,Bank Transfer,INV1604,11715.7
10/2/2024,RCPT1605,Nexus Fuels,Bank Transfer,INV1605,7010.46
10/2/2024,RCPT1606,Lumen Traders,Bank Transfer,INV1606,6849.16
10/2/2024,RCPT1607,Jupiter Energy,Bank Transfer,INV1607,4536.22
10/2/2024,RCPT1608,Eagle Freight,Bank Transfer,INV1608,2363
10/3/2024,RCPT1609,Cash Customer,Bank Transfer,INV1609,25457.09
10/3/2024,RCPT1610,Cash Customer,Bank Transfer,INV1610,24330.32
10/3/2024,RCPT1611,Jupiter Energy,Bank Transfer,INV1611,8515.68
10/3/2024,RCPT1612,Helix Petroleum,Bank Transfer,INV1612,9936.08
10/3/2024,RCPT1613,Eagle Freight,Bank Transfer,INV1613,8768.43
10/3/2024,RCPT1614,Beta Logistics,Bank Transfer,INV1614,3052.86
10/3/2024,RCPT1615,Helix Petroleum,Bank Transfer,INV1615,10147.52
10/3/2024,RCPT1616,Eagle Freight,Bank Transfer,INV1616,11289.66
10/4/2024,RCPT1617,Cash Customer,Bank Transfer,INV1617,24850.1
10/4/2024,RCPT1618,Cash Customer,Bank Transfer,INV1618,18862.09
10/4/2024,RCPT1619,Nexus Fuels,Bank Transfer,INV1619,3346.2
10/4/2024,RCPT1620,Eagle Freight,Bank Transfer,INV1620,5268.32
10/4/2024,RCPT1621,Omega Cargo,Bank Transfer,INV1621,8946.6
10/4/2024,RCPT1622,Kappa Transporters,Bank Transfer,INV1622,2994.04
10/5/2024,RCPT1623,Cash Customer,Bank Transfer,INV1623,23409.75
10/5/2024,RCPT1624,Cash Customer,Bank Transfer,INV1624,26093.4
10/5/2024,RCPT1625,Nexus Fuels,Bank Transfer,INV1625,2174.13
10/5/2024,RCPT1626,Civic Petroleum,Bank Transfer,INV1626,8301.59
10/5/2024,RCPT1627,Omega Cargo,Bank Transfer,INV1627,2138.34
10/5/2024,RCPT1628,Falcon Movers,Bank Transfer,INV1628,10743.51
10/6/2024,RCPT1629,Cash Customer,Bank Transfer,INV1629,27980.16
10/6/2024,RCPT1630,Cash Customer,Bank Transfer,INV1630,24264.22
10/6/2024,RCPT1631,Kappa Transporters,Bank Transfer,INV1631,9779.94
10/6/2024,RCPT1632,MaxDrive Ltd,Bank Transfer,INV1632,9682.24
10/6/2024,RCPT1633,Falcon Movers,Bank Transfer,INV1633,11761.52
10/6/2024,RCPT1634,Falcon Movers,Bank Transfer,INV1634,12336.64
10/7/2024,RCPT1635,Cash Customer,Bank Transfer,INV1635,30682.25
10/7/2024,RCPT1636,Cash Customer,Bank Transfer,INV1636,24640.2
10/7/2024,RCPT1637,Helix Petroleum,Bank Transfer,INV1637,2969.73
10/7/2024,RCPT1638,Beta Logistics,Bank Transfer,INV1638,9685.06
10/7/2024,RCPT1639,MaxDrive Ltd,Bank Transfer,INV1639,2544.97
10/7/2024,RCPT1640,Helix Petroleum,Bank Transfer,INV1640,2041.3
10/7/2024,RCPT1641,MaxDrive Ltd,Bank Transfer,INV1641,7892.8
10/8/2024,RCPT1642,Cash Customer,Bank Transfer,INV1642,19237.04
10/8/2024,RCPT1643,Cash Customer,Bank Transfer,INV1643,28389.9
10/8/2024,RCPT1644,Lumen Traders,Bank Transfer,INV1644,3279.8
10/8/2024,RCPT1645,Falcon Movers,Bank Transfer,INV1645,5059.38
10/8/2024,RCPT1646,Eagle Freight,Bank Transfer,INV1646,9278.08
10/8/2024,RCPT1647,Civic Petroleum,Bank Transfer,INV1647,3946.84
10/8/2024,RCPT1648,Lumen Traders,Bank Transfer,INV1648,7241.49
10/9/2024,RCPT1649,Cash Customer,Bank Transfer,INV1649,25492.47
10/9/2024,RCPT1650,Cash Customer,Bank Transfer,INV1650,25640.24
10/9/2024,RCPT1651,Lumen Traders,Bank Transfer,INV1651,6927
10/9/2024,RCPT1652,Giga Haulers,Bank Transfer,INV1652,3077.88
10/9/2024,RCPT1653,MaxDrive Ltd,Bank Transfer,INV1653,4700.92
10/9/2024,RCPT1654,Kappa Transporters,Bank Transfer,INV1654,8441.92
10/9/2024,RCPT1655,Ivy Fuels,Bank Transfer,INV1655,8680.53
10/10/2024,RCPT1656,Cash Customer,Bank Transfer,INV1656,17763.2
10/10/2024,RCPT1657,Cash Customer,Bank Transfer,INV1657,27207.6
10/10/2024,RCPT1658,Helix Petroleum,Bank Transfer,INV1658,3334.37
10/10/2024,RCPT1659,Jupiter Energy,Bank Transfer,INV1659,8407.92
10/10/2024,RCPT1660,Omega Cargo,Bank Transfer,INV1660,3558
10/11/2024,RCPT1661,Cash Customer,Bank Transfer,INV1661,25980.36
10/11/2024,RCPT1662,Cash Customer,Bank Transfer,INV1662,23061.73
10/11/2024,RCPT1663,Kappa Transporters,Bank Transfer,INV1663,6652.6
10/11/2024,RCPT1664,Helix Petroleum,Bank Transfer,INV1664,10198.69
10/11/2024,RCPT1665,MaxDrive Ltd,Bank Transfer,INV1665,5137.65
10/12/2024,RCPT1666,Cash Customer,Bank Transfer,INV1666,20516.8
10/12/2024,RCPT1667,Cash Customer,Bank Transfer,INV1667,24204.42
10/12/2024,RCPT1668,Beta Logistics,Bank Transfer,INV1668,8806.7
10/12/2024,RCPT1669,Civic Petroleum,Bank Transfer,INV1669,1621.27
10/12/2024,RCPT1670,Omega Cargo,Bank Transfer,INV1670,10700.13
10/12/2024,RCPT1671,Jupiter Energy,Bank Transfer,INV1671,6881.52
10/12/2024,RCPT1672,Alpha Transport,Bank Transfer,INV1672,3722.8
10/12/2024,RCPT1673,MaxDrive Ltd,Bank Transfer,INV1673,10232.09
10/13/2024,RCPT1674,Cash Customer,Bank Transfer,INV1674,29216.88
10/13/2024,RCPT1675,Cash Customer,Bank Transfer,INV1675,20821.35
10/13/2024,RCPT1676,Alpha Transport,Bank Transfer,INV1676,8788.24
10/13/2024,RCPT1677,Lumen Traders,Bank Transfer,INV1677,5514.12
10/13/2024,RCPT1678,Alpha Transport,Bank Transfer,INV1678,11397.36
10/14/2024,RCPT1679,Cash Customer,Bank Transfer,INV1679,22502.81
10/14/2024,RCPT1680,Cash Customer,Bank Transfer,INV1680,22442.32
10/14/2024,RCPT1681,Beta Logistics,Bank Transfer,INV1681,4626.96
10/14/2024,RCPT1682,Kappa Transporters,Bank Transfer,INV1682,3281.74
10/14/2024,RCPT1683,Beta Logistics,Bank Transfer,INV1683,6266.7
10/14/2024,RCPT1684,MaxDrive Ltd,Bank Transfer,INV1684,7121.4
10/14/2024,RCPT1685,Nexus Fuels,Bank Transfer,INV1685,3610.5
10/14/2024,RCPT1686,Nexus Fuels,Bank Transfer,INV1686,4895.61
10/15/2024,RCPT1687,Cash Customer,Bank Transfer,INV1687,16600.71
10/15/2024,RCPT1688,Cash Customer,Bank Transfer,INV1688,20661.2
10/15/2024,RCPT1689,Kappa Transporters,Bank Transfer,INV1689,10837.6
10/15/2024,RCPT1690,MaxDrive Ltd,Bank Transfer,INV1690,6720
10/15/2024,RCPT1691,Lumen Traders,Bank Transfer,INV1691,7670.95
10/15/2024,RCPT1692,Alpha Transport,Bank Transfer,INV1692,2015.56
10/16/2024,RCPT1693,Cash Customer,Bank Transfer,INV1693,19936.53
10/16/2024,RCPT1694,Cash Customer,Bank Transfer,INV1694,18328.64
10/16/2024,RCPT1695,Civic Petroleum,Bank Transfer,INV1695,9923.48
10/16/2024,RCPT1696,Beta Logistics,Bank Transfer,INV1696,1930.4
10/16/2024,RCPT1697,Delta Haulage,Bank Transfer,INV1697,10385.55
10/16/2024,RCPT1698,Lumen Traders,Bank Transfer,INV1698,11132.03
10/16/2024,RCPT1699,Kappa Transporters,Bank Transfer,INV1699,6576.92
10/17/2024,RCPT1700,Cash Customer,Bank Transfer,INV1700,23516.6
10/17/2024,RCPT1701,Cash Customer,Bank Transfer,INV1701,19323.27
10/17/2024,RCPT1702,Beta Logistics,Bank Transfer,INV1702,5817.6
10/17/2024,RCPT1703,Ivy Fuels,Bank Transfer,INV1703,7143.96
10/17/2024,RCPT1704,Helix Petroleum,Bank Transfer,INV1704,3087.28
10/17/2024,RCPT1705,Nexus Fuels,Bank Transfer,INV1705,11373.96
10/17/2024,RCPT1706,Lumen Traders,Bank Transfer,INV1706,9872.91
10/17/2024,RCPT1707,Jupiter Energy,Bank Transfer,INV1707,10200.8
10/18/2024,RCPT1708,Cash Customer,Bank Transfer,INV1708,25489.75
10/18/2024,RCPT1709,Cash Customer,Bank Transfer,INV1709,19670.04
10/18/2024,RCPT1710,Helix Petroleum,Bank Transfer,INV1710,1976.59
10/18/2024,RCPT1711,Jupiter Energy,Bank Transfer,INV1711,1905.6
10/18/2024,RCPT1712,Beta Logistics,Bank Transfer,INV1712,6371.13
10/19/2024,RCPT1713,Cash Customer,Bank Transfer,INV1713,24945.7
10/19/2024,RCPT1714,Cash Customer,Bank Transfer,INV1714,26107.71
10/19/2024,RCPT1715,Delta Haulage,Bank Transfer,INV1715,2169.62
10/19/2024,RCPT1716,Kappa Transporters,Bank Transfer,INV1716,6364.65
10/19/2024,RCPT1717,Alpha Transport,Bank Transfer,INV1717,9484.47
10/19/2024,RCPT1718,Kappa Transporters,Bank Transfer,INV1718,11800.98
10/19/2024,RCPT1719,Beta Logistics,Bank Transfer,INV1719,6410.34
10/19/2024,RCPT1720,Ivy Fuels,Bank Transfer,INV1720,5636.55
10/20/2024,RCPT1721,Cash Customer,Bank Transfer,INV1721,17038.56
10/20/2024,RCPT1722,Cash Customer,Bank Transfer,INV1722,28987.2
10/20/2024,RCPT1723,Alpha Transport,Bank Transfer,INV1723,9261.56
10/20/2024,RCPT1724,Lumen Traders,Bank Transfer,INV1724,3845.69
10/20/2024,RCPT1725,Alpha Transport,Bank Transfer,INV1725,8875.44
10/20/2024,RCPT1726,MaxDrive Ltd,Bank Transfer,INV1726,2678.24
10/20/2024,RCPT1727,Eagle Freight,Bank Transfer,INV1727,7879.34
10/20/2024,RCPT1728,Lumen Traders,Bank Transfer,INV1728,7989.12
10/21/2024,RCPT1729,Cash Customer,Bank Transfer,INV1729,20584
10/21/2024,RCPT1730,Cash Customer,Bank Transfer,INV1730,24963.08
10/21/2024,RCPT1731,Civic Petroleum,Bank Transfer,INV1731,10902.63
10/21/2024,RCPT1732,Nexus Fuels,Bank Transfer,INV1732,3603.6
10/21/2024,RCPT1733,Beta Logistics,Bank Transfer,INV1733,4553.78
10/21/2024,RCPT1734,Delta Haulage,Bank Transfer,INV1734,3412.11
10/21/2024,RCPT1735,Helix Petroleum,Bank Transfer,INV1735,2902.46
10/21/2024,RCPT1736,MaxDrive Ltd,Bank Transfer,INV1736,4584.97
10/22/2024,RCPT1737,Cash Customer,Bank Transfer,INV1737,24075.48
10/22/2024,RCPT1738,Cash Customer,Bank Transfer,INV1738,22167.64
10/22/2024,RCPT1739,Eagle Freight,Bank Transfer,INV1739,2802.92
10/22/2024,RCPT1740,Beta Logistics,Bank Transfer,INV1740,10643.88
10/22/2024,RCPT1741,Nexus Fuels,Bank Transfer,INV1741,5346.12
10/23/2024,RCPT1742,Cash Customer,Bank Transfer,INV1742,21732.1
10/23/2024,RCPT1743,Cash Customer,Bank Transfer,INV1743,20590.35
10/23/2024,RCPT1744,MaxDrive Ltd,Bank Transfer,INV1744,3399.42
10/23/2024,RCPT1745,Giga Haulers,Bank Transfer,INV1745,3514.5
10/23/2024,RCPT1746,Ivy Fuels,Bank Transfer,INV1746,5304.02
10/24/2024,RCPT1747,Cash Customer,Bank Transfer,INV1747,23988.58
10/24/2024,RCPT1748,Cash Customer,Bank Transfer,INV1748,20957.79
10/24/2024,RCPT1749,Falcon Movers,Bank Transfer,INV1749,7405.9
10/24/2024,RCPT1750,Helix Petroleum,Bank Transfer,INV1750,8776.3
10/24/2024,RCPT1751,Ivy Fuels,Bank Transfer,INV1751,6462.4
10/24/2024,RCPT1752,Falcon Movers,Bank Transfer,INV1752,10608.48
10/24/2024,RCPT1753,Lumen Traders,Bank Transfer,INV1753,5781.51
10/25/2024,RCPT1754,Cash Customer,Bank Transfer,INV1754,20326.7
10/25/2024,RCPT1755,Cash Customer,Bank Transfer,INV1755,25702.04
10/25/2024,RCPT1756,Falcon Movers,Bank Transfer,INV1756,5202.48
10/25/2024,RCPT1757,Ivy Fuels,Bank Transfer,INV1757,3295.36
10/25/2024,RCPT1758,Nexus Fuels,Bank Transfer,INV1758,11207.91
10/25/2024,RCPT1759,MaxDrive Ltd,Bank Transfer,INV1759,3211.12
10/26/2024,RCPT1760,Cash Customer,Bank Transfer,INV1760,18436.36
10/26/2024,RCPT1761,Cash Customer,Bank Transfer,INV1761,22720.36
10/26/2024,RCPT1762,Falcon Movers,Bank Transfer,INV1762,2702.46
10/26/2024,RCPT1763,Eagle Freight,Bank Transfer,INV1763,3560.94
10/26/2024,RCPT1764,Eagle Freight,Bank Transfer,INV1764,5990.17
10/27/2024,RCPT1765,Cash Customer,Bank Transfer,INV1765,16375.1
10/27/2024,RCPT1766,Cash Customer,Bank Transfer,INV1766,27702.48
10/27/2024,RCPT1767,Lumen Traders,Bank Transfer,INV1767,5896.66
10/27/2024,RCPT1768,Civic Petroleum,Bank Transfer,INV1768,8317.68
10/27/2024,RCPT1769,Helix Petroleum,Bank Transfer,INV1769,3703.11
10/27/2024,RCPT1770,MaxDrive Ltd,Bank Transfer,INV1770,5482.64
10/27/2024,RCPT1771,Lumen Traders,Bank Transfer,INV1771,7610.98
10/28/2024,RCPT1772,Cash Customer,Bank Transfer,INV1772,17861.52
10/28/2024,RCPT1773,Cash Customer,Bank Transfer,INV1773,24647.23
10/28/2024,RCPT1774,Kappa Transporters,Bank Transfer,INV1774,1633.72
10/28/2024,RCPT1775,Kappa Transporters,Bank Transfer,INV1775,3518.3
10/28/2024,RCPT1776,Civic Petroleum,Bank Transfer,INV1776,9574.32
10/28/2024,RCPT1777,Helix Petroleum,Bank Transfer,INV1777,9784.35
10/29/2024,RCPT1778,Cash Customer,Bank Transfer,INV1778,15509.2
10/29/2024,RCPT1779,Cash Customer,Bank Transfer,INV1779,19585.41
10/29/2024,RCPT1780,Alpha Transport,Bank Transfer,INV1780,6156
10/29/2024,RCPT1781,Civic Petroleum,Bank Transfer,INV1781,4797.03
10/29/2024,RCPT1782,Giga Haulers,Bank Transfer,INV1782,10312.05
10/30/2024,RCPT1783,Cash Customer,Bank Transfer,INV1783,22256.05
10/30/2024,RCPT1784,Cash Customer,Bank Transfer,INV1784,22325.22
10/30/2024,RCPT1785,Helix Petroleum,Bank Transfer,INV1785,9833.92
10/30/2024,RCPT1786,MaxDrive Ltd,Bank Transfer,INV1786,4064.06
10/30/2024,RCPT1787,MaxDrive Ltd,Bank Transfer,INV1787,3014.82
10/30/2024,RCPT1788,Beta Logistics,Bank Transfer,INV1788,7122.25
10/30/2024,RCPT1789,Alpha Transport,Bank Transfer,INV1789,2323.89
10/31/2024,RCPT1790,Cash Customer,Bank Transfer,INV1790,27556.76
10/31/2024,RCPT1791,Cash Customer,Bank Transfer,INV1791,28028.49
10/31/2024,RCPT1792,MaxDrive Ltd,Bank Transfer,INV1792,5471.45
10/31/2024,RCPT1793,Kappa Transporters,Bank Transfer,INV1793,10230.48
10/31/2024,RCPT1794,Ivy Fuels,Bank Transfer,INV1794,3574.34
11/1/2024,RCPT1795,Cash Customer,Bank Transfer,INV1795,20562.3
11/1/2024,RCPT1796,Cash Customer,Bank Transfer,INV1796,24301.62
11/1/2024,RCPT1797,Beta Logistics,Bank Transfer,INV1797,2773.44
11/1/2024,RCPT1798,Eagle Freight,Bank Transfer,INV1798,7319.52
11/1/2024,RCPT1799,Delta Haulage,Bank Transfer,INV1799,11477.75
11/1/2024,RCPT1800,Jupiter Energy,Bank Transfer,INV1800,6227.9
11/1/2024,RCPT1801,MaxDrive Ltd,Bank Transfer,INV1801,5634.72
11/2/2024,RCPT1802,Cash Customer,Bank Transfer,INV1802,17640.11
11/2/2024,RCPT1803,Cash Customer,Bank Transfer,INV1803,22164.24
11/2/2024,RCPT1804,Nexus Fuels,Bank Transfer,INV1804,2251.16
11/2/2024,RCPT1805,Nexus Fuels,Bank Transfer,INV1805,3694.4
11/2/2024,RCPT1806,Helix Petroleum,Bank Transfer,INV1806,3463.32
11/2/2024,RCPT1807,Nexus Fuels,Bank Transfer,INV1807,3710.74
11/3/2024,RCPT1808,Cash Customer,Bank Transfer,INV1808,23227.58
11/3/2024,RCPT1809,Cash Customer,Bank Transfer,INV1809,26766.25
11/3/2024,RCPT1810,Helix Petroleum,Bank Transfer,INV1810,10937.6
11/3/2024,RCPT1811,Delta Haulage,Bank Transfer,INV1811,4687.2
11/3/2024,RCPT1812,Omega Cargo,Bank Transfer,INV1812,5417.6
11/3/2024,RCPT1813,Civic Petroleum,Bank Transfer,INV1813,3865.4
11/3/2024,RCPT1814,Kappa Transporters,Bank Transfer,INV1814,3253.14
11/3/2024,RCPT1815,Alpha Transport,Bank Transfer,INV1815,6627.2
11/4/2024,RCPT1816,Cash Customer,Bank Transfer,INV1816,21108.78
11/4/2024,RCPT1817,Cash Customer,Bank Transfer,INV1817,29098.9
11/4/2024,RCPT1818,Helix Petroleum,Bank Transfer,INV1818,4571.7
11/4/2024,RCPT1819,Alpha Transport,Bank Transfer,INV1819,10975.24
11/4/2024,RCPT1820,Alpha Transport,Bank Transfer,INV1820,6632.28
11/4/2024,RCPT1821,Giga Haulers,Bank Transfer,INV1821,10749.79
11/4/2024,RCPT1822,Ivy Fuels,Bank Transfer,INV1822,6342.57
11/5/2024,RCPT1823,Cash Customer,Bank Transfer,INV1823,22660.05
11/5/2024,RCPT1824,Cash Customer,Bank Transfer,INV1824,26571.37
11/5/2024,RCPT1825,Civic Petroleum,Bank Transfer,INV1825,2908.78
11/5/2024,RCPT1826,Nexus Fuels,Bank Transfer,INV1826,7533
11/5/2024,RCPT1827,Delta Haulage,Bank Transfer,INV1827,7013.16
11/6/2024,RCPT1828,Cash Customer,Bank Transfer,INV1828,21576.39
11/6/2024,RCPT1830,Civic Petroleum,Bank Transfer,INV1830,6363.18
11/6/2024,RCPT1831,MaxDrive Ltd,Bank Transfer,INV1831,11225.61
11/6/2024,RCPT1832,Jupiter Energy,Bank Transfer,INV1832,4113.4
11/6/2024,RCPT1833,Delta Haulage,Bank Transfer,INV1833,2621.19
11/6/2024,RCPT1834,Ivy Fuels,Bank Transfer,INV1834,3443.79
11/6/2024,RCPT1835,Jupiter Energy,Bank Transfer,INV1835,11253.76
11/7/2024,RCPT1836,Cash Customer,Bank Transfer,INV1836,25488.56
11/7/2024,RCPT1837,Cash Customer,Bank Transfer,INV1837,23913.9
11/7/2024,RCPT1838,Falcon Movers,Bank Transfer,INV1838,11011.98
11/7/2024,RCPT1839,Ivy Fuels,Bank Transfer,INV1839,3476.16
11/7/2024,RCPT1840,Ivy Fuels,Bank Transfer,INV1840,12553.39
11/7/2024,RCPT1841,Alpha Transport,Bank Transfer,INV1841,8783.22
11/7/2024,RCPT1842,Ivy Fuels,Bank Transfer,INV1842,9757.8
11/8/2024,RCPT1843,Cash Customer,Bank Transfer,INV1843,23883.39
11/8/2024,RCPT1844,Cash Customer,Bank Transfer,INV1844,14209.44
11/8/2024,RCPT1845,Beta Logistics,Bank Transfer,INV1845,8785.48
11/8/2024,RCPT1846,Giga Haulers,Bank Transfer,INV1846,7884
11/8/2024,RCPT1847,Nexus Fuels,Bank Transfer,INV1847,9095.14
11/8/2024,RCPT1848,Beta Logistics,Bank Transfer,INV1848,10300.3
11/9/2024,RCPT1849,Cash Customer,Bank Transfer,INV1849,17360.42
11/9/2024,RCPT1850,Cash Customer,Bank Transfer,INV1850,20285.49
11/9/2024,RCPT1851,Helix Petroleum,Bank Transfer,INV1851,3933.66
11/9/2024,RCPT1852,Kappa Transporters,Bank Transfer,INV1852,7586.32
11/9/2024,RCPT1853,Alpha Transport,Bank Transfer,INV1853,4313.76
11/10/2024,RCPT1854,Cash Customer,Bank Transfer,INV1854,23286.12
11/10/2024,RCPT1855,Cash Customer,Bank Transfer,INV1855,20957.5
11/10/2024,RCPT1856,Helix Petroleum,Bank Transfer,INV1856,10798.03
11/10/2024,RCPT1857,Delta Haulage,Bank Transfer,INV1857,7136.14
11/10/2024,RCPT1858,Giga Haulers,Bank Transfer,INV1858,9120.24
11/10/2024,RCPT1859,Falcon Movers,Bank Transfer,INV1859,8811.78
11/11/2024,RCPT1860,Cash Customer,Bank Transfer,INV1860,16902.6
11/11/2024,RCPT1861,Cash Customer,Bank Transfer,INV1861,23668.32
11/11/2024,RCPT1862,MaxDrive Ltd,Bank Transfer,INV1862,8323.5
11/11/2024,RCPT1863,Beta Logistics,Bank Transfer,INV1863,8985.11
11/11/2024,RCPT1864,MaxDrive Ltd,Bank Transfer,INV1864,12058.92
11/11/2024,RCPT1865,MaxDrive Ltd,Bank Transfer,INV1865,10059.86
11/11/2024,RCPT1866,Beta Logistics,Bank Transfer,INV1866,12153.92
11/12/2024,RCPT1867,Cash Customer,Bank Transfer,INV1867,27069.68
11/12/2024,RCPT1868,Cash Customer,Bank Transfer,INV1868,25935.2
11/12/2024,RCPT1869,Nexus Fuels,Bank Transfer,INV1869,8779.2
11/12/2024,RCPT1870,Kappa Transporters,Bank Transfer,INV1870,9688.47
11/12/2024,RCPT1871,Eagle Freight,Bank Transfer,INV1871,10073.6
11/13/2024,RCPT1872,Cash Customer,Bank Transfer,INV1872,27937.6
11/13/2024,RCPT1873,Cash Customer,Bank Transfer,INV1873,23304.4
11/13/2024,RCPT1874,Eagle Freight,Bank Transfer,INV1874,5172.72
11/13/2024,RCPT1875,Giga Haulers,Bank Transfer,INV1875,4542.63
11/13/2024,RCPT1876,Omega Cargo,Bank Transfer,INV1876,10155.6
11/14/2024,RCPT1877,Cash Customer,Bank Transfer,INV1877,17143.35
11/14/2024,RCPT1878,Cash Customer,Bank Transfer,INV1878,25090.17
11/14/2024,RCPT1879,Lumen Traders,Bank Transfer,INV1879,2949.05
11/14/2024,RCPT1880,Beta Logistics,Bank Transfer,INV1880,3796.52
11/14/2024,RCPT1881,MaxDrive Ltd,Bank Transfer,INV1881,5480.44
11/14/2024,RCPT1882,Kappa Transporters,Bank Transfer,INV1882,6995.04
11/14/2024,RCPT1883,Civic Petroleum,Bank Transfer,INV1883,11569.55
11/15/2024,RCPT1884,Cash Customer,Bank Transfer,INV1884,23731.83
11/15/2024,RCPT1885,Cash Customer,Bank Transfer,INV1885,21523.56
11/15/2024,RCPT1886,Civic Petroleum,Bank Transfer,INV1886,10814.16
11/15/2024,RCPT1887,Kappa Transporters,Bank Transfer,INV1887,2533.44
11/15/2024,RCPT1888,Kappa Transporters,Bank Transfer,INV1888,2800.88
11/15/2024,RCPT1889,Ivy Fuels,Bank Transfer,INV1889,6496.3
11/16/2024,RCPT1890,Cash Customer,Bank Transfer,INV1890,18302.49
11/16/2024,RCPT1891,Cash Customer,Bank Transfer,INV1891,15457.61
11/16/2024,RCPT1892,Omega Cargo,Bank Transfer,INV1892,1543.22
11/16/2024,RCPT1893,Alpha Transport,Bank Transfer,INV1893,2004.3
11/16/2024,RCPT1894,Falcon Movers,Bank Transfer,INV1894,5402.25
11/16/2024,RCPT1895,Giga Haulers,Bank Transfer,INV1895,8864.4
11/16/2024,RCPT1896,Helix Petroleum,Bank Transfer,INV1896,7567.82
11/16/2024,RCPT1897,Alpha Transport,Bank Transfer,INV1897,3689.5
11/17/2024,RCPT1898,Cash Customer,Bank Transfer,INV1898,24526.32
11/17/2024,RCPT1899,Cash Customer,Bank Transfer,INV1899,26568
11/17/2024,RCPT1900,Helix Petroleum,Bank Transfer,INV1900,5664.36
11/17/2024,RCPT1901,Delta Haulage,Bank Transfer,INV1901,13142.7
11/17/2024,RCPT1902,Eagle Freight,Bank Transfer,INV1902,12203.61
11/17/2024,RCPT1903,Falcon Movers,Bank Transfer,INV1903,8653.66
11/17/2024,RCPT1904,Lumen Traders,Bank Transfer,INV1904,11215.05
11/18/2024,RCPT1905,Cash Customer,Bank Transfer,INV1905,21657.51
11/18/2024,RCPT1906,Cash Customer,Bank Transfer,INV1906,14893.2
11/18/2024,RCPT1907,Lumen Traders,Bank Transfer,INV1907,2788.52
11/18/2024,RCPT1908,Ivy Fuels,Bank Transfer,INV1908,11418.2
11/18/2024,RCPT1909,Civic Petroleum,Bank Transfer,INV1909,7622
11/18/2024,RCPT1910,Kappa Transporters,Bank Transfer,INV1910,4886.74
11/18/2024,RCPT1911,Beta Logistics,Bank Transfer,INV1911,8992.06
11/18/2024,RCPT1912,Jupiter Energy,Bank Transfer,INV1912,8264.6
11/19/2024,RCPT1913,Cash Customer,Bank Transfer,INV1913,17711.63
11/19/2024,RCPT1914,Cash Customer,Bank Transfer,INV1914,26065.14
11/19/2024,RCPT1915,Giga Haulers,Bank Transfer,INV1915,9385.6
11/19/2024,RCPT1916,Beta Logistics,Bank Transfer,INV1916,10087.14
11/19/2024,RCPT1917,Beta Logistics,Bank Transfer,INV1917,5868.72
11/20/2024,RCPT1918,Cash Customer,Bank Transfer,INV1918,19218.45
11/20/2024,RCPT1919,Cash Customer,Bank Transfer,INV1919,26978.13
11/20/2024,RCPT1920,Helix Petroleum,Bank Transfer,INV1920,3180.6
11/20/2024,RCPT1921,Eagle Freight,Bank Transfer,INV1921,11851.21
11/20/2024,RCPT1922,Falcon Movers,Bank Transfer,INV1922,2485.99
11/20/2024,RCPT1923,Giga Haulers,Bank Transfer,INV1923,4548.4
11/20/2024,RCPT1924,Kappa Transporters,Bank Transfer,INV1924,9425.08
11/21/2024,RCPT1925,Cash Customer,Bank Transfer,INV1925,29440.44
11/21/2024,RCPT1926,Cash Customer,Bank Transfer,INV1926,21165.3
11/21/2024,RCPT1927,Nexus Fuels,Bank Transfer,INV1927,8184.2
11/21/2024,RCPT1928,Jupiter Energy,Bank Transfer,INV1928,5134.12
11/21/2024,RCPT1929,MaxDrive Ltd,Bank Transfer,INV1929,8088.33
11/21/2024,RCPT1930,Omega Cargo,Bank Transfer,INV1930,2375.46
11/21/2024,RCPT1931,Delta Haulage,Bank Transfer,INV1931,11063.22
11/21/2024,RCPT1932,Giga Haulers,Bank Transfer,INV1932,10468.56
11/22/2024,RCPT1933,Cash Customer,Bank Transfer,INV1933,16217.68
11/22/2024,RCPT1934,Cash Customer,Bank Transfer,INV1934,30229.92
11/22/2024,RCPT1935,Civic Petroleum,Bank Transfer,INV1935,2555.35
11/22/2024,RCPT1936,Lumen Traders,Bank Transfer,INV1936,12181.52
11/22/2024,RCPT1937,Kappa Transporters,Bank Transfer,INV1937,8969.41
11/22/2024,RCPT1938,Delta Haulage,Bank Transfer,INV1938,10199.16
11/23/2024,RCPT1939,Cash Customer,Bank Transfer,INV1939,29650.92
11/23/2024,RCPT1940,Cash Customer,Bank Transfer,INV1940,26125.08
11/23/2024,RCPT1941,Alpha Transport,Bank Transfer,INV1941,8177.4
11/23/2024,RCPT1942,Delta Haulage,Bank Transfer,INV1942,12611.2
11/23/2024,RCPT1943,Delta Haulage,Bank Transfer,INV1943,12070.4
11/23/2024,RCPT1944,Jupiter Energy,Bank Transfer,INV1944,7171.85
11/23/2024,RCPT1945,Falcon Movers,Bank Transfer,INV1945,9318.21
11/24/2024,RCPT1946,Cash Customer,Bank Transfer,INV1946,16868.08
11/24/2024,RCPT1947,Cash Customer,Bank Transfer,INV1947,23864
11/24/2024,RCPT1948,MaxDrive Ltd,Bank Transfer,INV1948,4839.45
11/24/2024,RCPT1949,Eagle Freight,Bank Transfer,INV1949,9247.04
11/24/2024,RCPT1950,Ivy Fuels,Bank Transfer,INV1950,9043.5
11/24/2024,RCPT1951,Kappa Transporters,Bank Transfer,INV1951,2433
11/24/2024,RCPT1952,Omega Cargo,Bank Transfer,INV1952,9982
11/24/2024,RCPT1953,Beta Logistics,Bank Transfer,INV1953,11918.06
11/25/2024,RCPT1954,Cash Customer,Bank Transfer,INV1954,29162.06
11/25/2024,RCPT1955,Cash Customer,Bank Transfer,INV1955,23628.48
11/25/2024,RCPT1956,Civic Petroleum,Bank Transfer,INV1956,2740.23
11/25/2024,RCPT1957,Helix Petroleum,Bank Transfer,INV1957,4551.75
11/25/2024,RCPT1958,Eagle Freight,Bank Transfer,INV1958,5638.9
11/26/2024,RCPT1959,Cash Customer,Bank Transfer,INV1959,15493.5
11/26/2024,RCPT1961,Civic Petroleum,Bank Transfer,INV1961,3024
11/26/2024,RCPT1962,MaxDrive Ltd,Bank Transfer,INV1962,11737.23
11/26/2024,RCPT1963,Jupiter Energy,Bank Transfer,INV1963,10548.8
11/27/2024,RCPT1964,Cash Customer,Bank Transfer,INV1964,17228.87
11/27/2024,RCPT1965,Cash Customer,Bank Transfer,INV1965,22531.89
11/27/2024,RCPT1966,Civic Petroleum,Bank Transfer,INV1966,10996.3
11/27/2024,RCPT1967,Falcon Movers,Bank Transfer,INV1967,1985.34
11/27/2024,RCPT1968,Lumen Traders,Bank Transfer,INV1968,7101.57
11/27/2024,RCPT1969,Lumen Traders,Bank Transfer,INV1969,2346.96
11/28/2024,RCPT1970,Cash Customer,Bank Transfer,INV1970,19612.56
11/28/2024,RCPT1971,Cash Customer,Bank Transfer,INV1971,29705.8
11/28/2024,RCPT1972,MaxDrive Ltd,Bank Transfer,INV1972,2686
11/28/2024,RCPT1973,MaxDrive Ltd,Bank Transfer,INV1973,2920.77
11/28/2024,RCPT1974,Alpha Transport,Bank Transfer,INV1974,5096.4
11/28/2024,RCPT1975,Delta Haulage,Bank Transfer,INV1975,5100.27
11/29/2024,RCPT1976,Cash Customer,Bank Transfer,INV1976,16318.42
11/29/2024,RCPT1977,Cash Customer,Bank Transfer,INV1977,19816.12
11/29/2024,RCPT1978,Kappa Transporters,Bank Transfer,INV1978,2625.38
11/29/2024,RCPT1979,Eagle Freight,Bank Transfer,INV1979,6955.52
11/29/2024,RCPT1980,Lumen Traders,Bank Transfer,INV1980,3865.6
11/29/2024,RCPT1981,Alpha Transport,Bank Transfer,INV1981,12664.86
11/29/2024,RCPT1982,Beta Logistics,Bank Transfer,INV1982,3959.48
11/30/2024,RCPT1983,Cash Customer,Bank Transfer,INV1983,28274.75
11/30/2024,RCPT1984,Cash Customer,Bank Transfer,INV1984,18994.5
11/30/2024,RCPT1985,Beta Logistics,Bank Transfer,INV1985,6003.84
11/30/2024,RCPT1986,Jupiter Energy,Bank Transfer,INV1986,3316.74
11/30/2024,RCPT1987,Beta Logistics,Bank Transfer,INV1987,3804.64
11/30/2024,RCPT1988,Alpha Transport,Bank Transfer,INV1988,4529.91
12/1/2024,RCPT1989,Cash Customer,Bank Transfer,INV1989,27279.9
12/1/2024,RCPT1990,Cash Customer,Bank Transfer,INV1990,16142.4
12/1/2024,RCPT1991,Lumen Traders,Bank Transfer,INV1991,5294.7
12/1/2024,RCPT1992,Lumen Traders,Bank Transfer,INV1992,6312
12/1/2024,RCPT1993,Ivy Fuels,Bank Transfer,INV1993,11477.24
12/1/2024,RCPT1994,Giga Haulers,Bank Transfer,INV1994,3598.9
12/2/2024,RCPT1995,Cash Customer,Bank Transfer,INV1995,23811.19
12/2/2024,RCPT1996,Cash Customer,Bank Transfer,INV1996,26733.64
12/2/2024,RCPT1997,Jupiter Energy,Bank Transfer,INV1997,3782.24
12/2/2024,RCPT1998,Kappa Transporters,Bank Transfer,INV1998,11307.2
12/2/2024,RCPT1999,Giga Haulers,Bank Transfer,INV1999,3965.46
12/2/2024,RCPT2000,Jupiter Energy,Bank Transfer,INV2000,2949.45
12/2/2024,RCPT2001,Nexus Fuels,Bank Transfer,INV2001,10177.6
12/3/2024,RCPT2002,Cash Customer,Bank Transfer,INV2002,25736.77
12/3/2024,RCPT2003,Cash Customer,Bank Transfer,INV2003,26700.8
12/3/2024,RCPT2004,Falcon Movers,Bank Transfer,INV2004,5619.69
12/3/2024,RCPT2005,Helix Petroleum,Bank Transfer,INV2005,11622
12/3/2024,RCPT2006,Falcon Movers,Bank Transfer,INV2006,10830.47
12/3/2024,RCPT2007,Delta Haulage,Bank Transfer,INV2007,6567
12/4/2024,RCPT2008,Cash Customer,Bank Transfer,INV2008,22488
12/4/2024,RCPT2009,Cash Customer,Bank Transfer,INV2009,16049.04
12/4/2024,RCPT2010,Beta Logistics,Bank Transfer,INV2010,9438.92
12/4/2024,RCPT2011,Eagle Freight,Bank Transfer,INV2011,9498.4
12/4/2024,RCPT2012,Beta Logistics,Bank Transfer,INV2012,1788.8
12/4/2024,RCPT2013,Giga Haulers,Bank Transfer,INV2013,8089.6
12/5/2024,RCPT2014,Cash Customer,Bank Transfer,INV2014,27332.56
12/5/2024,RCPT2015,Cash Customer,Bank Transfer,INV2015,25712.4
12/5/2024,RCPT2016,Civic Petroleum,Bank Transfer,INV2016,11847.99
12/5/2024,RCPT2017,Lumen Traders,Bank Transfer,INV2017,9547.17
12/5/2024,RCPT2018,Jupiter Energy,Bank Transfer,INV2018,8973
12/5/2024,RCPT2019,Eagle Freight,Bank Transfer,INV2019,2496.42
12/5/2024,RCPT2020,Omega Cargo,Bank Transfer,INV2020,11736.24
12/6/2024,RCPT2021,Cash Customer,Bank Transfer,INV2021,29028.8
12/6/2024,RCPT2022,Cash Customer,Bank Transfer,INV2022,13396.74
12/6/2024,RCPT2023,Omega Cargo,Bank Transfer,INV2023,6033.71
12/6/2024,RCPT2024,MaxDrive Ltd,Bank Transfer,INV2024,6046.55
12/6/2024,RCPT2025,Alpha Transport,Bank Transfer,INV2025,12141.15
12/7/2024,RCPT2026,Cash Customer,Bank Transfer,INV2026,30655.56
12/7/2024,RCPT2027,Cash Customer,Bank Transfer,INV2027,13731.3
12/7/2024,RCPT2028,Jupiter Energy,Bank Transfer,INV2028,3275.08
12/7/2024,RCPT2029,Jupiter Energy,Bank Transfer,INV2029,4752.44
12/7/2024,RCPT2030,Ivy Fuels,Bank Transfer,INV2030,1849.89
12/7/2024,RCPT2031,MaxDrive Ltd,Bank Transfer,INV2031,6224.22
12/7/2024,RCPT2032,Civic Petroleum,Bank Transfer,INV2032,8460.9
12/7/2024,RCPT2033,Beta Logistics,Bank Transfer,INV2033,4808.91
12/8/2024,RCPT2034,Cash Customer,Bank Transfer,INV2034,29656.72
12/8/2024,RCPT2035,Cash Customer,Bank Transfer,INV2035,18252.74
12/8/2024,RCPT2036,Delta Haulage,Bank Transfer,INV2036,8192.26
12/8/2024,RCPT2037,Kappa Transporters,Bank Transfer,INV2037,11052.1
12/8/2024,RCPT2038,Ivy Fuels,Bank Transfer,INV2038,8047.82
12/8/2024,RCPT2039,Falcon Movers,Bank Transfer,INV2039,4057.56
12/9/2024,RCPT2040,Cash Customer,Bank Transfer,INV2040,18259.76
12/9/2024,RCPT2041,Cash Customer,Bank Transfer,INV2041,16700.98
12/9/2024,RCPT2042,Jupiter Energy,Bank Transfer,INV2042,9879.82
12/9/2024,RCPT2044,Jupiter Energy,Bank Transfer,INV2044,5197.5
12/10/2024,RCPT2045,Cash Customer,Bank Transfer,INV2045,25829.46
12/10/2024,RCPT2046,Cash Customer,Bank Transfer,INV2046,19764.36
12/10/2024,RCPT2047,Nexus Fuels,Bank Transfer,INV2047,7863.24
12/10/2024,RCPT2048,Jupiter Energy,Bank Transfer,INV2048,6381.26
12/10/2024,RCPT2049,Beta Logistics,Bank Transfer,INV2049,10836
12/11/2024,RCPT2050,Cash Customer,Bank Transfer,INV2050,26721.4
12/11/2024,RCPT2051,Cash Customer,Bank Transfer,INV2051,13355.74
12/11/2024,RCPT2052,Eagle Freight,Bank Transfer,INV2052,2276.54
12/11/2024,RCPT2053,Giga Haulers,Bank Transfer,INV2053,3598.92
12/11/2024,RCPT2054,MaxDrive Ltd,Bank Transfer,INV2054,11108.84
12/11/2024,RCPT2055,Falcon Movers,Bank Transfer,INV2055,12537.96
12/12/2024,RCPT2056,Cash Customer,Bank Transfer,INV2056,25605
12/12/2024,RCPT2057,Cash Customer,Bank Transfer,INV2057,24176.88
12/12/2024,RCPT2058,Lumen Traders,Bank Transfer,INV2058,1692.18
12/12/2024,RCPT2059,Eagle Freight,Bank Transfer,INV2059,6016.24
12/12/2024,RCPT2060,Jupiter Energy,Bank Transfer,INV2060,7662.08
12/12/2024,RCPT2061,Lumen Traders,Bank Transfer,INV2061,5897.44
12/12/2024,RCPT2062,Nexus Fuels,Bank Transfer,INV2062,5252.92
12/13/2024,RCPT2063,Cash Customer,Bank Transfer,INV2063,22124.74
12/13/2024,RCPT2064,Cash Customer,Bank Transfer,INV2064,18953.64
12/13/2024,RCPT2065,Giga Haulers,Bank Transfer,INV2065,6450.6
12/13/2024,RCPT2066,Falcon Movers,Bank Transfer,INV2066,8027.91
12/13/2024,RCPT2067,Nexus Fuels,Bank Transfer,INV2067,4755.8
12/13/2024,RCPT2068,Falcon Movers,Bank Transfer,INV2068,3711.75
12/13/2024,RCPT2069,Jupiter Energy,Bank Transfer,INV2069,4963.98
12/14/2024,RCPT2070,Cash Customer,Bank Transfer,INV2070,19543.65
12/14/2024,RCPT2071,Cash Customer,Bank Transfer,INV2071,18069.48
12/14/2024,RCPT2072,Helix Petroleum,Bank Transfer,INV2072,7794.18
12/14/2024,RCPT2073,Delta Haulage,Bank Transfer,INV2073,1590
12/14/2024,RCPT2074,Omega Cargo,Bank Transfer,INV2074,7740.04
12/14/2024,RCPT2075,Nexus Fuels,Bank Transfer,INV2075,5089.5
12/14/2024,RCPT2076,Eagle Freight,Bank Transfer,INV2076,6555.51
12/14/2024,RCPT2077,Falcon Movers,Bank Transfer,INV2077,11243.28
12/15/2024,RCPT2078,Cash Customer,Bank Transfer,INV2078,28926.86
12/15/2024,RCPT2079,Cash Customer,Bank Transfer,INV2079,15555.56
12/15/2024,RCPT2080,Delta Haulage,Bank Transfer,INV2080,8301.98
12/15/2024,RCPT2081,Alpha Transport,Bank Transfer,INV2081,10225.44
12/15/2024,RCPT2082,Lumen Traders,Bank Transfer,INV2082,11110.51
12/15/2024,RCPT2083,Nexus Fuels,Bank Transfer,INV2083,6554.75
12/16/2024,RCPT2084,Cash Customer,Bank Transfer,INV2084,16297.7
12/16/2024,RCPT2085,Cash Customer,Bank Transfer,INV2085,18475.76
12/16/2024,RCPT2086,Helix Petroleum,Bank Transfer,INV2086,6886.4
12/16/2024,RCPT2087,Beta Logistics,Bank Transfer,INV2087,4709.98
12/16/2024,RCPT2088,Civic Petroleum,Bank Transfer,INV2088,10467.15
12/16/2024,RCPT2089,Giga Haulers,Bank Transfer,INV2089,4458.75
12/16/2024,RCPT2090,Beta Logistics,Bank Transfer,INV2090,3445.91
12/17/2024,RCPT2091,Cash Customer,Bank Transfer,INV2091,21313.44
12/17/2024,RCPT2092,Cash Customer,Bank Transfer,INV2092,29146.32
12/17/2024,RCPT2093,Lumen Traders,Bank Transfer,INV2093,5194.2
12/17/2024,RCPT2094,MaxDrive Ltd,Bank Transfer,INV2094,4617.6
12/17/2024,RCPT2095,Kappa Transporters,Bank Transfer,INV2095,9276.84
12/18/2024,RCPT2096,Cash Customer,Bank Transfer,INV2096,29760.88
12/18/2024,RCPT2097,Cash Customer,Bank Transfer,INV2097,22560.12
12/18/2024,RCPT2098,MaxDrive Ltd,Bank Transfer,INV2098,7768.8
12/18/2024,RCPT2099,Kappa Transporters,Bank Transfer,INV2099,11973.64
12/18/2024,RCPT2100,Beta Logistics,Bank Transfer,INV2100,3996.3
12/18/2024,RCPT2101,Giga Haulers,Bank Transfer,INV2101,8851.05
12/18/2024,RCPT2102,Lumen Traders,Bank Transfer,INV2102,8914.57
12/18/2024,RCPT2103,Jupiter Energy,Bank Transfer,INV2103,8340.55
12/19/2024,RCPT2104,Cash Customer,Bank Transfer,INV2104,29459.3
12/19/2024,RCPT2105,Cash Customer,Bank Transfer,INV2105,14182.48
12/19/2024,RCPT2106,Beta Logistics,Bank Transfer,INV2106,2769.78
12/19/2024,RCPT2107,Nexus Fuels,Bank Transfer,INV2107,7854
12/19/2024,RCPT2109,Omega Cargo,Bank Transfer,INV2109,7511
12/20/2024,RCPT2110,Cash Customer,Bank Transfer,INV2110,23846.18
12/20/2024,RCPT2111,Cash Customer,Bank Transfer,INV2111,18242.07
12/20/2024,RCPT2112,Ivy Fuels,Bank Transfer,INV2112,12244.65
12/20/2024,RCPT2113,Beta Logistics,Bank Transfer,INV2113,9269.64
12/20/2024,RCPT2114,MaxDrive Ltd,Bank Transfer,INV2114,8134
12/20/2024,RCPT2115,Kappa Transporters,Bank Transfer,INV2115,9926.7
12/21/2024,RCPT2116,Cash Customer,Bank Transfer,INV2116,23374.5
12/21/2024,RCPT2117,Cash Customer,Bank Transfer,INV2117,27561.68
12/21/2024,RCPT2118,Helix Petroleum,Bank Transfer,INV2118,10605.3
12/21/2024,RCPT2119,Eagle Freight,Bank Transfer,INV2119,6241.84
12/21/2024,RCPT2120,Jupiter Energy,Bank Transfer,INV2120,7010.45
12/21/2024,RCPT2121,Jupiter Energy,Bank Transfer,INV2121,6285.24
12/21/2024,RCPT2122,Helix Petroleum,Bank Transfer,INV2122,8848.5
12/22/2024,RCPT2123,Cash Customer,Bank Transfer,INV2123,19764.56
12/22/2024,RCPT2124,Cash Customer,Bank Transfer,INV2124,26064.87
12/22/2024,RCPT2125,Helix Petroleum,Bank Transfer,INV2125,12722.32
12/22/2024,RCPT2126,Lumen Traders,Bank Transfer,INV2126,5782.8
12/22/2024,RCPT2127,Delta Haulage,Bank Transfer,INV2127,9530.46
12/22/2024,RCPT2128,Omega Cargo,Bank Transfer,INV2128,11525.91
12/23/2024,RCPT2129,Cash Customer,Bank Transfer,INV2129,19966.5
12/23/2024,RCPT2130,Cash Customer,Bank Transfer,INV2130,19481.4
12/23/2024,RCPT2131,Falcon Movers,Bank Transfer,INV2131,13022.07
12/23/2024,RCPT2132,MaxDrive Ltd,Bank Transfer,INV2132,6702.33
12/23/2024,RCPT2133,MaxDrive Ltd,Bank Transfer,INV2133,5505.99
12/23/2024,RCPT2134,Delta Haulage,Bank Transfer,INV2134,4340.69
12/23/2024,RCPT2135,MaxDrive Ltd,Bank Transfer,INV2135,12059.8
12/23/2024,RCPT2136,Giga Haulers,Bank Transfer,INV2136,8819.27
12/24/2024,RCPT2137,Cash Customer,Bank Transfer,INV2137,20539.65
12/24/2024,RCPT2138,Cash Customer,Bank Transfer,INV2138,20337.52
12/24/2024,RCPT2139,Omega Cargo,Bank Transfer,INV2139,11097.92
12/24/2024,RCPT2140,Eagle Freight,Bank Transfer,INV2140,7782.4
12/24/2024,RCPT2141,Kappa Transporters,Bank Transfer,INV2141,7341.18
12/24/2024,RCPT2142,Omega Cargo,Bank Transfer,INV2142,12287.86
12/24/2024,RCPT2143,Ivy Fuels,Bank Transfer,INV2143,10015.41
12/25/2024,RCPT2144,Cash Customer,Bank Transfer,INV2144,29436.05
12/25/2024,RCPT2145,Cash Customer,Bank Transfer,INV2145,17673.24
12/25/2024,RCPT2146,Delta Haulage,Bank Transfer,INV2146,5314.5
12/25/2024,RCPT2147,Kappa Transporters,Bank Transfer,INV2147,3785.78
12/25/2024,RCPT2148,Delta Haulage,Bank Transfer,INV2148,11880.62
12/25/2024,RCPT2149,MaxDrive Ltd,Bank Transfer,INV2149,11690.22
12/25/2024,RCPT2150,MaxDrive Ltd,Bank Transfer,INV2150,11368.08
12/25/2024,RCPT2151,Omega Cargo,Bank Transfer,INV2151,5539.5
12/26/2024,RCPT2152,Cash Customer,Bank Transfer,INV2152,16126.88
12/26/2024,RCPT2153,Cash Customer,Bank Transfer,INV2153,13013.73
12/26/2024,RCPT2154,Giga Haulers,Bank Transfer,INV2154,11268
12/26/2024,RCPT2155,Falcon Movers,Bank Transfer,INV2155,10071.55
12/26/2024,RCPT2156,Alpha Transport,Bank Transfer,INV2156,8353.75
12/27/2024,RCPT2157,Cash Customer,Bank Transfer,INV2157,17024
12/27/2024,RCPT2158,Cash Customer,Bank Transfer,INV2158,22206.6
12/27/2024,RCPT2159,Jupiter Energy,Bank Transfer,INV2159,10203.07
12/27/2024,RCPT2160,Nexus Fuels,Bank Transfer,INV2160,6473.81
12/27/2024,RCPT2161,MaxDrive Ltd,Bank Transfer,INV2161,7285.38
12/27/2024,RCPT2162,Falcon Movers,Bank Transfer,INV2162,6554.24
12/27/2024,RCPT2163,Omega Cargo,Bank Transfer,INV2163,12161.26
12/27/2024,RCPT2164,Helix Petroleum,Bank Transfer,INV2164,7349.94
12/28/2024,RCPT2165,Cash Customer,Bank Transfer,INV2165,26557.74
12/28/2024,RCPT2166,Cash Customer,Bank Transfer,INV2166,15161.58
12/28/2024,RCPT2167,Ivy Fuels,Bank Transfer,INV2167,11147.25
12/28/2024,RCPT2168,Omega Cargo,Bank Transfer,INV2168,5630.04
12/28/2024,RCPT2169,Eagle Freight,Bank Transfer,INV2169,7533
12/29/2024,RCPT2170,Cash Customer,Bank Transfer,INV2170,24267.21
12/29/2024,RCPT2171,Cash Customer,Bank Transfer,INV2171,24873.6
12/29/2024,RCPT2172,Jupiter Energy,Bank Transfer,INV2172,3757.5
12/29/2024,RCPT2173,Jupiter Energy,Bank Transfer,INV2173,1774.25
12/29/2024,RCPT2174,Nexus Fuels,Bank Transfer,INV2174,6258.07
12/29/2024,RCPT2175,Omega Cargo,Bank Transfer,INV2175,1780.8
12/30/2024,RCPT2176,Cash Customer,Bank Transfer,INV2176,25747.56
12/30/2024,RCPT2178,Delta Haulage,Bank Transfer,INV2178,7199.92
12/30/2024,RCPT2179,Alpha Transport,Bank Transfer,INV2179,1852.6
12/30/2024,RCPT2180,Civic Petroleum,Bank Transfer,INV2180,6421.65
12/31/2024,RCPT2181,Cash Customer,Bank Transfer,INV2181,17082.96
12/31/2024,RCPT2182,Cash Customer,Bank Transfer,INV2182,21649.44
12/31/2024,RCPT2183,Falcon Movers,Bank Transfer,INV2183,7124.8
12/31/2024,RCPT2184,Jupiter Energy,Bank Transfer,INV2184,2561.49
12/31/2024,RCPT2185,Ivy Fuels,Bank Transfer,INV2185,6804.34
