Date,Invoice number,Customer Name,Description of Goods/Services,Quantity,Unit Price,Total
7/1/2024,INV1000,Cash Customer,Gasoline,18865,1.55,29240.75
7/1/2024,INV1001,Cash Customer,Diesel,10417,1.65,17188.05
7/1/2024,INV1002,Ivy Fuels,Gasoline,1176,1.5,1764
7/1/2024,INV1003,Lumen Traders,Diesel,6640,1.63,10823.2
7/1/2024,INV1004,Alpha Transport,Gasoline,4605,1.55,7137.75
7/1/2024,INV1005,Eagle Freight,Diesel,3823,1.61,6155.03
7/2/2024,INV1006,Cash Customer,Gasoline,14254,1.57,22378.78
7/2/2024,INV1007,Cash Customer,Diesel,11881,1.57,18653.17
7/2/2024,INV1008,Omega Cargo,Diesel,1825,1.6,2920
7/2/2024,INV1009,Omega Cargo,Gasoline,4475,1.58,7070.5
7/2/2024,INV1010,Falcon Movers,Gasoline,5712,1.6,9139.2
7/3/2024,INV1011,Cash Customer,Gasoline,12706,1.54,19567.24
7/3/2024,INV1012,Cash Customer,Diesel,8720,1.62,14126.4
7/3/2024,INV1013,Delta Haulage,Diesel,1904,1.62,3084.48
7/3/2024,INV1014,Kappa Transporters,Diesel,4183,1.61,6734.63
7/3/2024,INV1015,Ivy Fuels,Gasoline,4941,1.58,7806.78
7/3/2024,INV1016,MaxDrive Ltd,Gasoline,7591,1.53,11614.23
7/3/2024,INV1017,Civic Petroleum,Diesel,5334,1.64,8747.76
7/3/2024,INV1018,Alpha Transport,Diesel,1439,1.64,2359.96
7/4/2024,INV1019,Cash Customer,Gasoline,17032,1.47,25037.04
7/4/2024,INV1020,Cash Customer,Diesel,9472,1.67,15818.24
7/4/2024,INV1021,Ivy Fuels,Gasoline,7575,1.52,11514
7/4/2024,INV1022,Giga Haulers,Gasoline,2927,1.47,4302.69
7/4/2024,INV1023,Giga Haulers,Gasoline,4675,1.47,6872.25
7/5/2024,INV1024,Cash Customer,Gasoline,11041,1.55,17113.55
7/5/2024,INV1025,Cash Customer,Diesel,10492,1.62,16997.04
7/5/2024,INV1026,Helix Petroleum,Gasoline,6436,1.47,9460.92
7/5/2024,INV1027,Helix Petroleum,Gasoline,1485,1.53,2272.05
7/5/2024,INV1028,Omega Cargo,Diesel,5350,1.65,8827.5
7/5/2024,INV1029,Helix Petroleum,Gasoline,3545,1.56,5530.2
7/5/2024,INV1030,Delta Haulage,Gasoline,6175,1.56,9633
7/6/2024,INV1031,Cash Customer,Gasoline,13061,1.46,19069.06
7/6/2024,INV1032,Cash Customer,Diesel,8881,1.59,14120.79
7/6/2024,INV1033,Eagle Freight,Gasoline,3984,1.5,5976
7/6/2024,INV1034,Kappa Transporters,Diesel,4592,1.56,7163.52
7/6/2024,INV1035,Jupiter Energy,Gasoline,7535,1.51,11377.85
7/6/2024,INV1036,Ivy Fuels,Gasoline,4371,1.49,6512.79
7/6/2024,INV1037,Helix Petroleum,Diesel,6032,1.57,9470.24
7/7/2024,INV1038,Cash Customer,Gasoline,16155,1.56,25201.8
7/7/2024,INV1039,Cash Customer,Diesel,14570,1.58,23020.6
7/7/2024,INV1040,Alpha Transport,Diesel,7906,1.62,12807.72
7/7/2024,INV1041,Eagle Freight,Gasoline,6605,1.49,9841.45
7/7/2024,INV1042,Kappa Transporters,Diesel,2026,1.66,3363.16
7/7/2024,INV1043,Beta Logistics,Gasoline,6969,1.52,10592.88
7/7/2024,INV1044,Ivy Fuels,Diesel,1270,1.67,2120.9
7/7/2024,INV1045,Delta Haulage,Diesel,3094,1.59,4919.46
7/8/2024,INV1046,Cash Customer,Gasoline,11139,1.56,17376.84
7/8/2024,INV1047,Cash Customer,Diesel,11690,1.6,18704
7/8/2024,INV1048,MaxDrive Ltd,Gasoline,1648,1.58,2603.84
7/8/2024,INV1049,MaxDrive Ltd,Diesel,5791,1.66,9613.06
7/8/2024,INV1050,Nexus Fuels,Diesel,1851,1.69,3128.19
7/8/2024,INV1051,Jupiter Energy,Gasoline,3582,1.52,5444.64
7/9/2024,INV1052,Cash Customer,Gasoline,15039,1.49,22408.11
7/9/2024,INV1053,Cash Customer,Diesel,15118,1.58,23886.44
7/9/2024,INV1054,Nexus Fuels,Diesel,4642,1.61,7473.62
7/9/2024,INV1055,Nexus Fuels,Diesel,3234,1.63,5271.42
7/9/2024,INV1056,Civic Petroleum,Diesel,6249,1.56,9748.44
7/9/2024,INV1057,Ivy Fuels,Gasoline,1587,1.5,2380.5
7/9/2024,INV1058,Beta Logistics,Diesel,6805,1.56,10615.8
7/10/2024,INV1059,Cash Customer,Gasoline,17196,1.52,26137.92
7/10/2024,INV1060,Cash Customer,Diesel,16791,1.61,27033.51
7/10/2024,INV1061,Alpha Transport,Gasoline,3915,1.58,6185.7
7/10/2024,INV1062,Helix Petroleum,Diesel,1508,1.57,2367.56
7/10/2024,INV1063,Nexus Fuels,Gasoline,5175,1.57,8124.75
7/11/2024,INV1064,Cash Customer,Gasoline,19498,1.53,29831.94
7/11/2024,INV1065,Cash Customer,Diesel,13993,1.63,22808.59
7/11/2024,INV1066,Omega Cargo,Gasoline,1050,1.53,1606.5
7/11/2024,INV1067,Eagle Freight,Gasoline,4834,1.54,7444.36
7/11/2024,INV1068,Helix Petroleum,Diesel,4199,1.57,6592.43
7/12/2024,INV1069,Cash Customer,Gasoline,14674,1.6,23478.4
7/12/2024,INV1070,Cash Customer,Diesel,10830,1.55,16786.5
7/12/2024,INV1071,Ivy Fuels,Diesel,7344,1.57,11530.08
7/12/2024,INV1072,Beta Logistics,Diesel,3456,1.66,5736.96
7/12/2024,INV1073,Nexus Fuels,Diesel,6093,1.64,9992.52
7/12/2024,INV1074,Falcon Movers,Gasoline,4974,1.5,7461
7/12/2024,INV1075,Lumen Traders,Diesel,6336,1.62,10264.32
7/12/2024,INV1076,Giga Haulers,Gasoline,2028,1.57,3183.96
7/13/2024,INV1077,Cash Customer,Gasoline,19009,1.46,27753.14
7/13/2024,INV1078,Cash Customer,Diesel,9020,1.56,14071.2
7/13/2024,INV1079,MaxDrive Ltd,Gasoline,6258,1.53,9574.74
7/13/2024,INV1080,MaxDrive Ltd,Gasoline,1706,1.49,2541.94
7/13/2024,INV1081,Jupiter Energy,Diesel,3144,1.56,4904.64
7/14/2024,INV1082,Cash Customer,Gasoline,15127,1.56,23598.12
7/14/2024,INV1083,Cash Customer,Diesel,10688,1.66,17742.08
7/14/2024,INV1084,Civic Petroleum,Gasoline,7498,1.46,10947.08
7/14/2024,INV1085,Jupiter Energy,Diesel,1882,1.63,3067.66
7/14/2024,INV1086,Lumen Traders,Gasoline,2511,1.5,3766.5
7/15/2024,INV1087,Cash Customer,Gasoline,18886,1.57,29651.02
7/15/2024,INV1088,Cash Customer,Diesel,9582,1.7,16289.4
7/15/2024,INV1089,Jupiter Energy,Gasoline,5214,1.49,7768.86
7/15/2024,INV1090,Civic Petroleum,Gasoline,4246,1.49,6326.54
7/15/2024,INV1091,Alpha Transport,Gasoline,4238,1.54,6526.52
7/15/2024,INV1092,Jupiter Energy,Gasoline,7569,1.47,11126.43
7/16/2024,INV1093,Cash Customer,Gasoline,11484,1.6,18374.4
7/16/2024,INV1094,Cash Customer,Diesel,12986,1.6,20777.6
7/16/2024,INV1095,Helix Petroleum,Diesel,4925,1.64,8077
7/16/2024,INV1096,Nexus Fuels,Gasoline,1270,1.54,1955.8
7/16/2024,INV1097,Omega Cargo,Diesel,7597,1.62,12307.14
7/17/2024,INV1098,Cash Customer,Gasoline,18780,1.54,28921.2
7/17/2024,INV1099,Cash Customer,Diesel,8689,1.63,14163.07
7/17/2024,INV1100,Lumen Traders,Gasoline,4965,1.51,7497.15
7/17/2024,INV1101,Giga Haulers,Diesel,3406,1.55,5279.3
7/17/2024,INV1102,Lumen Traders,Diesel,5264,1.68,8843.52
7/17/2024,INV1103,Kappa Transporters,Gasoline,1963,1.55,3042.65
7/17/2024,INV1104,Falcon Movers,Gasoline,7577,1.48,11213.96
7/18/2024,INV1105,Cash Customer,Gasoline,16730,1.54,25764.2
7/18/2024,INV1106,Cash Customer,Diesel,10070,1.61,16212.7
7/18/2024,INV1107,Lumen Traders,Gasoline,3210,1.52,4879.2
7/18/2024,INV1108,Jupiter Energy,Gasoline,3363,1.5,5044.5
7/18/2024,INV1109,Jupiter Energy,Diesel,6078,1.57,9542.46
7/18/2024,INV1110,Lumen Traders,Diesel,2868,1.59,4560.12
7/18/2024,INV1111,Civic Petroleum,Gasoline,3188,1.51,4813.88
7/19/2024,INV1112,Cash Customer,Gasoline,12138,1.49,18085.62
7/19/2024,INV1113,Cash Customer,Diesel,13811,1.65,22788.15
7/19/2024,INV1114,Delta Haulage,Gasoline,4316,1.49,6430.84
7/19/2024,INV1115,Eagle Freight,Gasoline,7341,1.56,11451.96
7/19/2024,INV1116,Giga Haulers,Gasoline,1623,1.51,2450.73
7/19/2024,INV1117,Eagle Freight,Diesel,5994,1.6,9590.4
7/19/2024,INV1118,Falcon Movers,Gasoline,2580,1.49,3844.2
7/19/2024,INV1119,Helix Petroleum,Diesel,5919,1.65,9766.35
7/20/2024,INV1120,Cash Customer,Gasoline,10755,1.49,16024.95
7/20/2024,INV1121,Cash Customer,Diesel,15635,1.7,26579.5
7/20/2024,INV1122,Jupiter Energy,Diesel,4070,1.64,6674.8
7/20/2024,INV1123,Civic Petroleum,Gasoline,4201,1.47,6175.47
7/20/2024,INV1124,MaxDrive Ltd,Gasoline,5891,1.5,8836.5
7/21/2024,INV1125,Cash Customer,Gasoline,12091,1.57,18982.87
7/21/2024,INV1126,Cash Customer,Diesel,17377,1.59,27629.43
7/21/2024,INV1127,MaxDrive Ltd,Gasoline,2019,1.47,2967.93
7/21/2024,INV1128,Nexus Fuels,Diesel,2535,1.59,4030.65
7/21/2024,INV1129,MaxDrive Ltd,Diesel,4205,1.66,6980.3
7/21/2024,INV1130,Civic Petroleum,Gasoline,3029,1.51,4573.79
7/21/2024,INV1131,Delta Haulage,Diesel,1457,1.62,2360.34
7/22/2024,INV1132,Cash Customer,Gasoline,16437,1.54,25312.98
7/22/2024,INV1133,Cash Customer,Diesel,14190,1.64,23271.6
7/22/2024,INV1134,Eagle Freight,Diesel,1298,1.61,2089.78
7/22/2024,INV1135,Beta Logistics,Diesel,3137,1.63,5113.31
7/22/2024,INV1136,Helix Petroleum,Diesel,6331,1.63,10319.53
7/22/2024,INV1137,Civic Petroleum,Diesel,4534,1.67,7571.78
7/22/2024,INV1138,Delta Haulage,Gasoline,7320,1.5,10980
7/23/2024,INV1139,Cash Customer,Gasoline,17409,1.59,27680.31
7/23/2024,INV1140,Cash Customer,Diesel,14374,1.69,24292.06
7/23/2024,INV1141,MaxDrive Ltd,Gasoline,4932,1.49,7348.68
7/23/2024,INV1142,Eagle Freight,Gasoline,1292,1.52,1963.84
7/23/2024,INV1143,Nexus Fuels,Diesel,6846,1.68,11501.28
7/23/2024,INV1144,Alpha Transport,Diesel,1707,1.66,2833.62
7/23/2024,INV1145,Delta Haulage,Diesel,7023,1.56,10955.88
7/24/2024,INV1146,Cash Customer,Gasoline,16012,1.49,23857.88
7/24/2024,INV1147,Cash Customer,Diesel,8764,1.69,14811.16
7/24/2024,INV1148,Ivy Fuels,Gasoline,6718,1.47,9875.46
7/24/2024,INV1149,Lumen Traders,Diesel,4813,1.63,7845.19
7/24/2024,INV1150,Giga Haulers,Gasoline,1753,1.54,2699.62
7/24/2024,INV1151,Omega Cargo,Gasoline,6582,1.46,9609.72
7/24/2024,INV1152,MaxDrive Ltd,Gasoline,4311,1.52,6552.72
7/24/2024,INV1153,Helix Petroleum,Gasoline,2020,1.51,3050.2
7/25/2024,INV1154,Cash Customer,Gasoline,10995,1.5,16492.5
7/25/2024,INV1155,Cash Customer,Diesel,15810,1.68,26560.8
7/25/2024,INV1156,Giga Haulers,Diesel,5534,1.7,9407.8
7/25/2024,INV1157,Lumen Traders,Diesel,1845,1.58,2915.1
7/25/2024,INV1158,Lumen Traders,Diesel,5238,1.61,8433.18
7/25/2024,INV1159,MaxDrive Ltd,Gasoline,3205,1.47,4711.35
7/25/2024,INV1160,Civic Petroleum,Gasoline,6744,1.56,10520.64
7/25/2024,INV1161,Kappa Transporters,Gasoline,7426,1.48,10990.48
7/26/2024,INV1162,Cash Customer,Gasoline,15861,1.57,24901.77
7/26/2024,INV1163,Cash Customer,Diesel,14823,1.57,23272.11
7/26/2024,INV1164,Omega Cargo,Gasoline,3525,1.59,5604.75
7/26/2024,INV1165,Eagle Freight,Gasoline,3673,1.48,5436.04
7/26/2024,INV1166,MaxDrive Ltd,Diesel,2699,1.63,4399.37
7/26/2024,INV1167,Beta Logistics,Gasoline,3490,1.5,5235
7/27/2024,INV1168,Cash Customer,Gasoline,18693,1.53,28600.29
7/27/2024,INV1169,Cash Customer,Diesel,12130,1.57,19044.1
7/27/2024,INV1170,Helix Petroleum,Gasoline,4296,1.57,6744.72
7/27/2024,INV1171,Kappa Transporters,Gasoline,2748,1.58,4341.84
7/27/2024,INV1172,Omega Cargo,Diesel,4407,1.61,7095.27
7/28/2024,INV1173,Cash Customer,Gasoline,10037,1.52,15256.24
7/28/2024,INV1174,Cash Customer,Diesel,13629,1.58,21533.82
7/28/2024,INV1175,Giga Haulers,Gasoline,1246,1.55,1931.3
7/28/2024,INV1176,Kappa Transporters,Gasoline,6479,1.6,10366.4
7/28/2024,INV1177,Nexus Fuels,Diesel,2073,1.58,3275.34
7/29/2024,INV1178,Cash Customer,Gasoline,14560,1.53,22276.8
7/29/2024,INV1179,Cash Customer,Diesel,10532,1.63,17167.16
7/29/2024,INV1180,Ivy Fuels,Gasoline,2455,1.51,3707.05
7/29/2024,INV1181,Beta Logistics,Diesel,5632,1.62,9123.84
7/29/2024,INV1182,Civic Petroleum,Diesel,5540,1.66,9196.4
7/29/2024,INV1183,Ivy Fuels,Diesel,2245,1.64,3681.8
7/29/2024,INV1184,Giga Haulers,Gasoline,6574,1.51,9926.74
7/30/2024,INV1185,Cash Customer,Gasoline,19736,1.48,29209.28
7/30/2024,INV1186,Cash Customer,Diesel,15523,1.69,26233.87
7/30/2024,INV1187,Helix Petroleum,Gasoline,5240,1.51,7912.4
7/30/2024,INV1188,Alpha Transport,Diesel,5728,1.65,9451.2
7/30/2024,INV1189,Alpha Transport,Diesel,3085,1.66,5121.1
7/30/2024,INV1190,Eagle Freight,Gasoline,1664,1.59,2645.76
7/30/2024,INV1191,Falcon Movers,Diesel,6359,1.64,10428.76
7/31/2024,INV1192,Cash Customer,Gasoline,19862,1.55,30786.1
7/31/2024,INV1193,Cash Customer,Diesel,9916,1.69,16758.04
7/31/2024,INV1194,Omega Cargo,Diesel,4644,1.58,7337.52
7/31/2024,INV1195,Lumen Traders,Diesel,5801,1.56,9049.56
7/31/2024,INV1196,Alpha Transport,Diesel,2762,1.6,4419.2
7/31/2024,INV1197,MaxDrive Ltd,Diesel,3778,1.61,6082.58
7/31/2024,INV1198,Falcon Movers,Diesel,6034,1.7,10257.8
8/1/2024,INV1199,Cash Customer,Gasoline,17067,1.59,27136.53
8/1/2024,INV1200,Cash Customer,Diesel,15773,1.63,25709.99
8/1/2024,INV1201,Delta Haulage,Diesel,2324,1.65,3834.6
8/1/2024,INV1202,Civic Petroleum,Diesel,2238,1.68,3759.84
8/1/2024,INV1203,Lumen Traders,Diesel,4713,1.69,7964.97
8/1/2024,INV1204,Lumen Traders,Diesel,6789,1.69,11473.41
8/1/2024,INV1205,Beta Logistics,Gasoline,2030,1.56,3166.8
8/1/2024,INV1206,Beta Logistics,Diesel,2559,1.56,3992.04
8/2/2024,INV1207,Cash Customer,Gasoline,19682,1.48,29129.36
8/2/2024,INV1208,Cash Customer,Diesel,16875,1.62,27337.5
8/2/2024,INV1209,Ivy Fuels,Gasoline,3124,1.53,4779.72
8/2/2024,INV1210,MaxDrive Ltd,Diesel,2934,1.64,4811.76
8/2/2024,INV1211,Giga Haulers,Gasoline,5608,1.52,8524.16
8/2/2024,INV1212,Falcon Movers,Gasoline,4096,1.59,6512.64
8/2/2024,INV1213,Jupiter Energy,Diesel,1757,1.64,2881.48
8/2/2024,INV1214,Jupiter Energy,Diesel,4826,1.7,8204.2
8/3/2024,INV1215,Cash Customer,Gasoline,12352,1.52,18775.04
8/3/2024,INV1216,Cash Customer,Diesel,15015,1.57,23573.55
8/3/2024,INV1217,Delta Haulage,Diesel,4162,1.58,6575.96
8/3/2024,INV1218,Delta Haulage,Diesel,7038,1.67,11753.46
8/3/2024,INV1219,Alpha Transport,Gasoline,6971,1.55,10805.05
8/3/2024,INV1220,Delta Haulage,Gasoline,1729,1.46,2524.34
8/3/2024,INV1221,Jupiter Energy,Diesel,3076,1.59,4890.84
8/4/2024,INV1222,Cash Customer,Gasoline,11551,1.57,18135.07
8/4/2024,INV1223,Cash Customer,Diesel,16508,1.62,26742.96
8/4/2024,INV1224,Alpha Transport,Diesel,4951,1.59,7872.09
8/4/2024,INV1225,Jupiter Energy,Diesel,2655,1.7,4513.5
8/4/2024,INV1226,Falcon Movers,Diesel,6445,1.63,10505.35
8/4/2024,INV1227,Giga Haulers,Gasoline,7797,1.6,12475.2
8/4/2024,INV1228,Ivy Fuels,Gasoline,6498,1.52,9876.96
8/4/2024,INV1229,Ivy Fuels,Gasoline,4088,1.52,6213.76
8/5/2024,INV1230,Cash Customer,Gasoline,12300,1.6,19680
8/5/2024,INV1231,Cash Customer,Diesel,11522,1.67,19241.74
8/5/2024,INV1232,Giga Haulers,Gasoline,2224,1.5,3336
8/5/2024,INV1233,Ivy Fuels,Gasoline,1883,1.52,2862.16
8/5/2024,INV1234,Falcon Movers,Gasoline,5755,1.48,8517.4
8/6/2024,INV1235,Cash Customer,Gasoline,17735,1.59,28198.65
8/6/2024,INV1236,Cash Customer,Diesel,15864,1.61,25541.04
8/6/2024,INV1237,Nexus Fuels,Diesel,6768,1.67,11302.56
8/6/2024,INV1238,Jupiter Energy,Gasoline,7111,1.48,10524.28
8/6/2024,INV1239,Delta Haulage,Gasoline,4756,1.49,7086.44
8/6/2024,INV1240,Alpha Transport,Gasoline,2155,1.54,3318.7
8/7/2024,INV1241,Cash Customer,Gasoline,15144,1.53,23170.32
8/7/2024,INV1242,Cash Customer,Diesel,13025,1.63,21230.75
8/7/2024,INV1243,Civic Petroleum,Gasoline,5567,1.59,8851.53
8/7/2024,INV1244,Lumen Traders,Gasoline,5001,1.47,7351.47
8/7/2024,INV1245,Beta Logistics,Diesel,3499,1.68,5878.32
8/7/2024,INV1246,Ivy Fuels,Diesel,2415,1.64,3960.6
8/8/2024,INV1247,Cash Customer,Gasoline,11889,1.51,17952.39
8/8/2024,INV1248,Cash Customer,Diesel,17513,1.59,27845.67
8/8/2024,INV1249,Helix Petroleum,Gasoline,7814,1.47,11486.58
8/8/2024,INV1250,Delta Haulage,Gasoline,2314,1.55,3586.7
8/8/2024,INV1251,Kappa Transporters,Diesel,4707,1.55,7295.85
8/8/2024,INV1252,Giga Haulers,Gasoline,7019,1.57,11019.83
8/8/2024,INV1253,Omega Cargo,Gasoline,3367,1.46,4915.82
8/9/2024,INV1254,Cash Customer,Gasoline,13208,1.45,19151.6
8/9/2024,INV1255,Cash Customer,Diesel,14456,1.64,23707.84
8/9/2024,INV1256,Jupiter Energy,Gasoline,4199,1.56,6550.44
8/9/2024,INV1257,Helix Petroleum,Gasoline,4748,1.51,7169.48
8/9/2024,INV1258,Helix Petroleum,Diesel,3553,1.58,5613.74
8/9/2024,INV1259,Alpha Transport,Gasoline,2665,1.53,4077.45
8/10/2024,INV1260,Cash Customer,Gasoline,13298,1.52,20212.96
8/10/2024,INV1261,Cash Customer,Diesel,17883,1.64,29328.12
8/10/2024,INV1262,Lumen Traders,Diesel,1477,1.65,2437.05
8/10/2024,INV1263,Kappa Transporters,Diesel,2394,1.66,3974.04
8/10/2024,INV1264,Alpha Transport,Gasoline,7933,1.57,12454.81
8/10/2024,INV1265,Alpha Transport,Gasoline,3209,1.57,5038.13
8/10/2024,INV1266,Omega Cargo,Diesel,6550,1.68,11004
8/10/2024,INV1267,Lumen Traders,Diesel,4404,1.58,6958.32
8/11/2024,INV1268,Cash Customer,Gasoline,15377,1.46,22450.42
8/11/2024,INV1269,Cash Customer,Diesel,16480,1.68,27686.4
8/11/2024,INV1270,Giga Haulers,Gasoline,2437,1.48,3606.76
8/11/2024,INV1271,Civic Petroleum,Gasoline,1995,1.57,3132.15
8/11/2024,INV1272,Ivy Fuels,Diesel,4718,1.63,7690.34
8/12/2024,INV1273,Cash Customer,Gasoline,13653,1.49,20342.97
8/12/2024,INV1274,Cash Customer,Diesel,15119,1.63,24643.97
8/12/2024,INV1275,Jupiter Energy,Diesel,1136,1.57,1783.52
8/12/2024,INV1276,Kappa Transporters,Diesel,6725,1.62,10894.5
8/12/2024,INV1277,MaxDrive Ltd,Gasoline,1175,1.55,1821.25
8/12/2024,INV1278,Beta Logistics,Diesel,1129,1.57,1772.53
8/13/2024,INV1279,Cash Customer,Gasoline,10903,1.5,16354.5
8/13/2024,INV1280,Cash Customer,Diesel,15920,1.55,24676
8/13/2024,INV1281,Helix Petroleum,Gasoline,3634,1.48,5378.32
8/13/2024,INV1282,Alpha Transport,Gasoline,2473,1.55,3833.15
8/13/2024,INV1283,Lumen Traders,Gasoline,2735,1.46,3993.1
8/13/2024,INV1284,Helix Petroleum,Gasoline,7063,1.45,10241.35
8/14/2024,INV1285,Cash Customer,Gasoline,12753,1.58,20149.74
8/14/2024,INV1286,Cash Customer,Diesel,9884,1.57,15517.88
8/14/2024,INV1287,MaxDrive Ltd,Gasoline,2907,1.52,4418.64
8/14/2024,INV1288,Omega Cargo,Diesel,3123,1.67,5215.41
8/14/2024,INV1289,Delta Haulage,Diesel,1324,1.65,2184.6
8/14/2024,INV1290,Helix Petroleum,Diesel,4921,1.62,7972.02
8/15/2024,INV1291,Cash Customer,Gasoline,12532,1.54,19299.28
8/15/2024,INV1292,Cash Customer,Diesel,11124,1.58,17575.92
8/15/2024,INV1293,Giga Haulers,Diesel,5179,1.69,8752.51
8/15/2024,INV1294,Lumen Traders,Gasoline,3825,1.53,5852.25
8/15/2024,INV1295,Kappa Transporters,Diesel,3750,1.64,6150
8/15/2024,INV1296,Civic Petroleum,Diesel,3470,1.64,5690.8
8/16/2024,INV1297,Cash Customer,Gasoline,12677,1.52,19269.04
8/16/2024,INV1298,Cash Customer,Diesel,8867,1.57,13921.19
8/16/2024,INV1299,Nexus Fuels,Gasoline,2558,1.45,3709.1
8/16/2024,INV1300,Delta Haulage,Diesel,3232,1.64,5300.48
8/16/2024,INV1301,Beta Logistics,Gasoline,5475,1.54,8431.5
8/16/2024,INV1302,Alpha Transport,Gasoline,3697,1.55,5730.35
8/16/2024,INV1303,Beta Logistics,Gasoline,2747,1.59,4367.73
8/17/2024,INV1304,Cash Customer,Gasoline,11541,1.57,18119.37
8/17/2024,INV1305,Cash Customer,Diesel,9458,1.56,14754.48
8/17/2024,INV1306,Beta Logistics,Diesel,6870,1.66,11404.2
8/17/2024,INV1307,Civic Petroleum,Gasoline,4463,1.53,6828.39
8/17/2024,INV1308,Nexus Fuels,Gasoline,6396,1.56,9977.76
8/17/2024,INV1309,Helix Petroleum,Gasoline,7222,1.51,10905.22
8/18/2024,INV1310,Cash Customer,Gasoline,12249,1.59,19475.91
8/18/2024,INV1311,Cash Customer,Diesel,17314,1.67,28914.38
8/18/2024,INV1312,Omega Cargo,Gasoline,4312,1.55,6683.6
8/18/2024,INV1313,Giga Haulers,Gasoline,1704,1.46,2487.84
8/18/2024,INV1314,Falcon Movers,Gasoline,3777,1.48,5589.96
8/19/2024,INV1315,Cash Customer,Gasoline,17620,1.57,27663.4
8/19/2024,INV1316,Cash Customer,Diesel,14027,1.65,23144.55
8/19/2024,INV1317,Beta Logistics,Diesel,6287,1.69,10625.03
8/19/2024,INV1318,Lumen Traders,Gasoline,2587,1.59,4113.33
8/19/2024,INV1319,Omega Cargo,Gasoline,2944,1.5,4416
8/19/2024,INV1320,Eagle Freight,Diesel,5874,1.62,9515.88
8/20/2024,INV1321,Cash Customer,Gasoline,15442,1.52,23471.84
8/20/2024,INV1322,Cash Customer,Diesel,14170,1.58,22388.6
8/20/2024,INV1323,Alpha Transport,Gasoline,7458,1.47,10963.26
8/20/2024,INV1324,Delta Haulage,Diesel,4575,1.69,7731.75
8/20/2024,INV1325,Alpha Transport,Gasoline,2759,1.47,4055.73
8/20/2024,INV1326,Helix Petroleum,Diesel,2146,1.61,3455.06
8/20/2024,INV1327,Lumen Traders,Gasoline,2960,1.56,4617.6
8/20/2024,INV1328,MaxDrive Ltd,Gasoline,7252,1.46,10587.92
8/21/2024,INV1329,Cash Customer,Gasoline,10685,1.58,16882.3
8/21/2024,INV1330,Cash Customer,Diesel,11002,1.62,17823.24
8/21/2024,INV1331,Helix Petroleum,Diesel,6016,1.69,10167.04
8/21/2024,INV1332,Eagle Freight,Gasoline,6626,1.58,10469.08
8/21/2024,INV1333,Kappa Transporters,Gasoline,1711,1.46,2498.06
8/21/2024,INV1334,Jupiter Energy,Diesel,5277,1.61,8495.97
8/22/2024,INV1335,Cash Customer,Gasoline,10859,1.57,17048.63
8/22/2024,INV1336,Cash Customer,Diesel,11860,1.62,19213.2
8/22/2024,INV1337,Delta Haulage,Gasoline,5319,1.57,8350.83
8/22/2024,INV1338,Eagle Freight,Diesel,2264,1.61,3645.04
8/22/2024,INV1339,Kappa Transporters,Gasoline,6822,1.54,10505.88
8/22/2024,INV1340,Kappa Transporters,Gasoline,7840,1.57,12308.8
8/23/2024,INV1341,Cash Customer,Gasoline,11372,1.48,16830.56
8/23/2024,INV1342,Cash Customer,Diesel,16770,1.56,26161.2
8/23/2024,INV1343,Alpha Transport,Gasoline,5347,1.49,7967.03
8/23/2024,INV1344,Giga Haulers,Gasoline,1379,1.52,2096.08
8/23/2024,INV1345,Eagle Freight,Diesel,5732,1.63,9343.16
8/23/2024,INV1346,Ivy Fuels,Gasoline,6279,1.46,9167.34
8/24/2024,INV1347,Cash Customer,Gasoline,16390,1.54,25240.6
8/24/2024,INV1348,Cash Customer,Diesel,12954,1.55,20078.7
8/24/2024,INV1349,Eagle Freight,Diesel,2797,1.63,4559.11
8/24/2024,INV1350,Beta Logistics,Diesel,7444,1.6,11910.4
8/24/2024,INV1351,Beta Logistics,Gasoline,7306,1.55,11324.3
8/24/2024,INV1352,Kappa Transporters,Gasoline,5480,1.55,8494
8/24/2024,INV1353,Jupiter Energy,Gasoline,2608,1.57,4094.56
8/25/2024,INV1354,Cash Customer,Gasoline,15153,1.58,23941.74
8/25/2024,INV1355,Cash Customer,Diesel,13633,1.69,23039.77
8/25/2024,INV1356,Jupiter Energy,Diesel,5528,1.55,8568.4
8/25/2024,INV1357,Civic Petroleum,Gasoline,1618,1.51,2443.18
8/25/2024,INV1358,Jupiter Energy,Diesel,3421,1.57,5370.97
8/25/2024,INV1359,Beta Logistics,Diesel,6580,1.66,10922.8
8/26/2024,INV1360,Cash Customer,Gasoline,16043,1.51,24224.93
8/26/2024,INV1361,Cash Customer,Diesel,10409,1.65,17174.85
8/26/2024,INV1362,Omega Cargo,Gasoline,5763,1.58,9105.54
8/26/2024,INV1363,Omega Cargo,Diesel,6898,1.6,11036.8
8/26/2024,INV1364,MaxDrive Ltd,Diesel,4736,1.62,7672.32
8/26/2024,INV1365,Helix Petroleum,Diesel,6117,1.56,9542.52
8/27/2024,INV1366,Cash Customer,Gasoline,17085,1.55,26481.75
8/27/2024,INV1367,Cash Customer,Diesel,11537,1.7,19612.9
8/27/2024,INV1368,Jupiter Energy,Diesel,4260,1.68,7156.8
8/27/2024,INV1369,Helix Petroleum,Diesel,3811,1.7,6478.7
8/27/2024,INV1370,Lumen Traders,Diesel,2756,1.58,4354.48
8/27/2024,INV1371,MaxDrive Ltd,Gasoline,6005,1.56,9367.8
8/27/2024,INV1372,Kappa Transporters,Diesel,2931,1.66,4865.46
8/27/2024,INV1373,Alpha Transport,Gasoline,7983,1.54,12293.82
8/28/2024,INV1374,Cash Customer,Gasoline,11720,1.59,18634.8
8/28/2024,INV1375,Cash Customer,Diesel,11582,1.6,18531.2
8/28/2024,INV1376,Delta Haulage,Gasoline,2421,1.45,3510.45
8/28/2024,INV1377,Civic Petroleum,Gasoline,5976,1.54,9203.04
8/28/2024,INV1378,Eagle Freight,Diesel,3642,1.6,5827.2
8/29/2024,INV1379,Cash Customer,Gasoline,13196,1.48,19530.08
8/29/2024,INV1380,Cash Customer,Diesel,14589,1.69,24655.41
8/29/2024,INV1381,MaxDrive Ltd,Gasoline,5548,1.47,8155.56
8/29/2024,INV1382,Helix Petroleum,Gasoline,7443,1.57,11685.51
8/29/2024,INV1383,Beta Logistics,Gasoline,1210,1.54,1863.4
8/30/2024,INV1384,Cash Customer,Gasoline,12414,1.57,19489.98
8/30/2024,INV1385,Cash Customer,Diesel,13095,1.62,21213.9
8/30/2024,INV1386,Jupiter Energy,Gasoline,7220,1.53,11046.6
8/30/2024,INV1387,Falcon Movers,Gasoline,5713,1.58,9026.54
8/30/2024,INV1388,Helix Petroleum,Diesel,5303,1.63,8643.89
8/30/2024,INV1389,Jupiter Energy,Gasoline,2738,1.59,4353.42
8/30/2024,INV1390,Nexus Fuels,Diesel,7891,1.57,12388.87
8/30/2024,INV1391,Eagle Freight,Diesel,4705,1.58,7433.9
8/31/2024,INV1392,Cash Customer,Gasoline,14027,1.49,20900.23
8/31/2024,INV1393,Cash Customer,Diesel,11756,1.57,18456.92
8/31/2024,INV1394,Lumen Traders,Gasoline,7120,1.56,11107.2
8/31/2024,INV1395,Alpha Transport,Gasoline,2144,1.54,3301.76
8/31/2024,INV1396,Falcon Movers,Diesel,2263,1.68,3801.84
8/31/2024,INV1397,Alpha Transport,Gasoline,2534,1.45,3674.3
9/1/2024,INV1398,Cash Customer,Gasoline,10756,1.46,15703.76
9/1/2024,INV1399,Cash Customer,Diesel,8053,1.69,13609.57
9/1/2024,INV1400,Ivy Fuels,Gasoline,3469,1.55,5376.95
9/1/2024,INV1401,Ivy Fuels,Diesel,5795,1.67,9677.65
9/1/2024,INV1402,Kappa Transporters,Diesel,5533,1.6,8852.8
9/1/2024,INV1403,Eagle Freight,Diesel,7349,1.6,11758.4
9/2/2024,INV1404,Cash Customer,Gasoline,12412,1.56,19362.72
9/2/2024,INV1405,Cash Customer,Diesel,12326,1.56,19228.56
9/2/2024,INV1406,Falcon Movers,Gasoline,5981,1.58,9449.98
9/2/2024,INV1407,Eagle Freight,Gasoline,4742,1.57,7444.94
9/2/2024,INV1408,Eagle Freight,Diesel,2564,1.57,4025.48
9/2/2024,INV1409,Omega Cargo,Diesel,3855,1.56,6013.8
9/3/2024,INV1410,Cash Customer,Gasoline,16643,1.55,25796.65
9/3/2024,INV1411,Cash Customer,Diesel,12879,1.6,20606.4
9/3/2024,INV1412,Beta Logistics,Diesel,2789,1.57,4378.73
9/3/2024,INV1413,Ivy Fuels,Gasoline,4646,1.5,6969
9/3/2024,INV1414,Falcon Movers,Gasoline,1056,1.5,1584
9/3/2024,INV1415,Nexus Fuels,Diesel,2156,1.57,3384.92
9/3/2024,INV1416,Falcon Movers,Gasoline,3030,1.47,4454.1
9/4/2024,INV1417,Cash Customer,Gasoline,13090,1.52,19896.8
9/4/2024,INV1418,Cash Customer,Diesel,15176,1.59,24129.84
9/4/2024,INV1419,Falcon Movers,Diesel,7546,1.56,11771.76
9/4/2024,INV1420,Delta Haulage,Gasoline,1346,1.59,2140.14
9/4/2024,INV1421,Civic Petroleum,Diesel,7200,1.6,11520
9/5/2024,INV1422,Cash Customer,Gasoline,11042,1.59,17556.78
9/5/2024,INV1423,Cash Customer,Diesel,14039,1.62,22743.18
9/5/2024,INV1424,Falcon Movers,Gasoline,2062,1.54,3175.48
9/5/2024,INV1425,Giga Haulers,Diesel,4324,1.63,7048.12
9/5/2024,INV1426,Eagle Freight,Gasoline,3902,1.48,5774.96
9/5/2024,INV1427,Omega Cargo,Gasoline,5960,1.59,9476.4
9/5/2024,INV1428,Helix Petroleum,Gasoline,2217,1.58,3502.86
9/5/2024,INV1429,Delta Haulage,Diesel,4751,1.68,7981.68
9/6/2024,INV1430,Cash Customer,Gasoline,14741,1.5,22111.5
9/6/2024,INV1431,Cash Customer,Diesel,16477,1.57,25868.89
9/6/2024,INV1432,Jupiter Energy,Diesel,4146,1.61,6675.06
9/6/2024,INV1433,Jupiter Energy,Diesel,7711,1.63,12568.93
9/6/2024,INV1434,Omega Cargo,Gasoline,1808,1.46,2639.68
9/6/2024,INV1435,Civic Petroleum,Diesel,2439,1.69,4121.91
9/6/2024,INV1436,Omega Cargo,Diesel,6963,1.65,11488.95
9/7/2024,INV1437,Cash Customer,Gasoline,11797,1.6,18875.2
9/7/2024,INV1438,Cash Customer,Diesel,13745,1.6,21992
9/7/2024,INV1439,Civic Petroleum,Gasoline,7760,1.5,11640
9/7/2024,INV1440,Alpha Transport,Gasoline,1610,1.45,2334.5
9/7/2024,INV1441,Giga Haulers,Gasoline,2415,1.57,3791.55
9/7/2024,INV1442,Kappa Transporters,Diesel,3063,1.56,4778.28
9/7/2024,INV1443,Eagle Freight,Gasoline,7349,1.54,11317.46
9/7/2024,INV1444,Civic Petroleum,Gasoline,3505,1.57,5502.85
9/8/2024,INV1445,Cash Customer,Gasoline,16197,1.49,24133.53
9/8/2024,INV1446,Cash Customer,Diesel,17858,1.65,29465.7
9/8/2024,INV1447,Ivy Fuels,Diesel,2038,1.63,3321.94
9/8/2024,INV1448,Eagle Freight,Diesel,6495,1.62,10521.9
9/8/2024,INV1449,MaxDrive Ltd,Diesel,1515,1.68,2545.2
9/8/2024,INV1450,MaxDrive Ltd,Diesel,2125,1.57,3336.25
9/8/2024,INV1451,MaxDrive Ltd,Gasoline,5347,1.48,7913.56
9/8/2024,INV1452,Giga Haulers,Gasoline,7170,1.45,10396.5
9/9/2024,INV1453,Cash Customer,Gasoline,10361,1.51,15645.11
9/9/2024,INV1454,Cash Customer,Diesel,11176,1.63,18216.88
9/9/2024,INV1455,Omega Cargo,Gasoline,4593,1.45,6659.85
9/9/2024,INV1456,Eagle Freight,Gasoline,7465,1.57,11720.05
9/9/2024,INV1457,Civic Petroleum,Diesel,1162,1.65,1917.3
9/9/2024,INV1458,Delta Haulage,Gasoline,3910,1.54,6021.4
9/9/2024,INV1459,Eagle Freight,Gasoline,6353,1.59,10101.27
9/10/2024,INV1460,Cash Customer,Gasoline,14500,1.51,21895
9/10/2024,INV1461,Cash Customer,Diesel,16540,1.56,25802.4
9/10/2024,INV1462,Alpha Transport,Diesel,2248,1.64,3686.72
9/10/2024,INV1463,Civic Petroleum,Gasoline,1460,1.59,2321.4
9/10/2024,INV1464,Delta Haulage,Diesel,3118,1.68,5238.24
9/10/2024,INV1465,MaxDrive Ltd,Diesel,5141,1.66,8534.06
9/10/2024,INV1466,Beta Logistics,Gasoline,1205,1.59,1915.95
9/10/2024,INV1467,Jupiter Energy,Diesel,7931,1.57,12451.67
9/11/2024,INV1468,Cash Customer,Gasoline,16446,1.47,24175.62
9/11/2024,INV1469,Cash Customer,Diesel,12216,1.67,20400.72
9/11/2024,INV1470,Ivy Fuels,Gasoline,6606,1.57,10371.42
9/11/2024,INV1471,Jupiter Energy,Diesel,5678,1.56,8857.68
9/11/2024,INV1472,Kappa Transporters,Diesel,1423,1.61,2291.03
9/12/2024,INV1473,Cash Customer,Gasoline,16426,1.53,25131.78
9/12/2024,INV1474,Cash Customer,Diesel,16389,1.64,26877.96
9/12/2024,INV1475,Omega Cargo,Diesel,1095,1.66,1817.7
9/12/2024,INV1476,MaxDrive Ltd,Diesel,5726,1.56,8932.56
9/12/2024,INV1477,MaxDrive Ltd,Diesel,7724,1.65,12744.6
9/12/2024,INV1478,Jupiter Energy,Diesel,3530,1.64,5789.2
9/12/2024,INV1479,Civic Petroleum,Diesel,1339,1.65,2209.35
9/12/2024,INV1480,Helix Petroleum,Diesel,2839,1.7,4826.3
9/13/2024,INV1481,Cash Customer,Gasoline,13602,1.47,19994.94
9/13/2024,INV1482,Cash Customer,Diesel,9468,1.62,15338.16
9/13/2024,INV1483,Beta Logistics,Gasoline,3821,1.49,5693.29
9/13/2024,INV1484,Falcon Movers,Diesel,2295,1.69,3878.55
9/13/2024,INV1485,Eagle Freight,Gasoline,2175,1.55,3371.25
9/13/2024,INV1486,Lumen Traders,Gasoline,3370,1.47,4953.9
9/13/2024,INV1487,Ivy Fuels,Diesel,5769,1.59,9172.71
9/13/2024,INV1488,Kappa Transporters,Diesel,5114,1.67,8540.38
9/14/2024,INV1489,Cash Customer,Gasoline,14824,1.53,22680.72
9/14/2024,INV1490,Cash Customer,Diesel,9746,1.69,16470.74
9/14/2024,INV1491,Falcon Movers,Diesel,6901,1.62,11179.62
9/14/2024,INV1492,Giga Haulers,Diesel,2289,1.57,3593.73
9/14/2024,INV1493,Falcon Movers,Gasoline,1587,1.56,2475.72
9/15/2024,INV1494,Cash Customer,Gasoline,11647,1.58,18402.26
9/15/2024,INV1495,Cash Customer,Diesel,11990,1.68,20143.2
9/15/2024,INV1496,Delta Haulage,Gasoline,6529,1.52,9924.08
9/15/2024,INV1497,Giga Haulers,Gasoline,3770,1.59,5994.3
9/15/2024,INV1498,MaxDrive Ltd,Diesel,4634,1.59,7368.06
9/15/2024,INV1499,Helix Petroleum,Diesel,1137,1.65,1876.05
9/16/2024,INV1500,Cash Customer,Gasoline,13111,1.58,20715.38
9/16/2024,INV1501,Cash Customer,Diesel,10509,1.62,17024.58
9/16/2024,INV1502,Eagle Freight,Diesel,3487,1.66,5788.42
9/16/2024,INV1503,Civic Petroleum,Gasoline,1585,1.51,2393.35
9/16/2024,INV1504,Jupiter Energy,Gasoline,5014,1.47,7370.58
9/16/2024,INV1505,Eagle Freight,Gasoline,2136,1.55,3310.8
9/17/2024,INV1506,Cash Customer,Gasoline,17879,1.56,27891.24
9/17/2024,INV1507,Cash Customer,Diesel,9590,1.64,15727.6
9/17/2024,INV1508,Ivy Fuels,Diesel,4554,1.66,7559.64
9/17/2024,INV1509,Nexus Fuels,Gasoline,3369,1.54,5188.26
9/17/2024,INV1510,MaxDrive Ltd,Gasoline,3798,1.56,5924.88
9/17/2024,INV1511,Lumen Traders,Gasoline,5170,1.47,7599.9
9/17/2024,INV1512,Civic Petroleum,Diesel,3330,1.64,5461.2
9/17/2024,INV1513,Helix Petroleum,Diesel,4007,1.64,6571.48
9/18/2024,INV1514,Cash Customer,Gasoline,17439,1.51,26332.89
9/18/2024,INV1515,Cash Customer,Diesel,14469,1.57,22716.33
9/18/2024,INV1516,Ivy Fuels,Gasoline,1680,1.58,2654.4
9/18/2024,INV1517,Giga Haulers,Gasoline,6376,1.53,9755.28
9/18/2024,INV1518,Beta Logistics,Gasoline,3736,1.56,5828.16
9/18/2024,INV1519,MaxDrive Ltd,Diesel,4271,1.59,6790.89
9/18/2024,INV1520,Giga Haulers,Gasoline,5721,1.48,8467.08
9/18/2024,INV1521,Delta Haulage,Diesel,6345,1.67,10596.15
9/19/2024,INV1522,Cash Customer,Gasoline,10944,1.46,15978.24
9/19/2024,INV1523,Cash Customer,Diesel,9312,1.6,14899.2
9/19/2024,INV1524,Beta Logistics,Diesel,6770,1.56,10561.2
9/19/2024,INV1525,Kappa Transporters,Diesel,7920,1.7,13464
9/19/2024,INV1526,Jupiter Energy,Gasoline,2586,1.54,3982.44
9/19/2024,INV1527,Nexus Fuels,Diesel,1655,1.61,2664.55
9/19/2024,INV1528,Beta Logistics,Gasoline,1665,1.49,2480.85
9/20/2024,INV1529,Cash Customer,Gasoline,12436,1.49,18529.64
9/20/2024,INV1530,Cash Customer,Diesel,14810,1.64,24288.4
9/20/2024,INV1531,Delta Haulage,Gasoline,5883,1.49,8765.67
9/20/2024,INV1532,Delta Haulage,Diesel,6862,1.57,10773.34
9/20/2024,INV1533,Delta Haulage,Diesel,5727,1.62,9277.74
9/20/2024,INV1534,Delta Haulage,Diesel,4754,1.56,7416.24
9/21/2024,INV1535,Cash Customer,Gasoline,13845,1.53,21182.85
9/21/2024,INV1536,Cash Customer,Diesel,8097,1.64,13279.08
9/21/2024,INV1537,Civic Petroleum,Gasoline,2754,1.57,4323.78
9/21/2024,INV1538,Beta Logistics,Diesel,5562,1.56,8676.72
9/21/2024,INV1539,Helix Petroleum,Diesel,3080,1.64,5051.2
9/21/2024,INV1540,Eagle Freight,Gasoline,4628,1.5,6942
9/21/2024,INV1541,Jupiter Energy,Diesel,7923,1.63,12914.49
9/22/2024,INV1542,Cash Customer,Gasoline,10130,1.56,15802.8
9/22/2024,INV1543,Cash Customer,Diesel,10229,1.63,16673.27
9/22/2024,INV1544,Alpha Transport,Diesel,2369,1.69,4003.61
9/22/2024,INV1545,Alpha Transport,Diesel,1534,1.65,2531.1
9/22/2024,INV1546,Omega Cargo,Diesel,5722,1.68,9612.96
9/22/2024,INV1547,Beta Logistics,Gasoline,1299,1.56,2026.44
9/23/2024,INV1548,Cash Customer,Gasoline,13500,1.58,21330
9/23/2024,INV1549,Cash Customer,Diesel,12607,1.66,20927.62
9/23/2024,INV1550,Lumen Traders,Diesel,1070,1.57,1679.9
9/23/2024,INV1551,MaxDrive Ltd,Gasoline,2944,1.53,4504.32
9/23/2024,INV1552,MaxDrive Ltd,Gasoline,3184,1.51,4807.84
9/24/2024,INV1553,Cash Customer,Gasoline,16869,1.51,25472.19
9/24/2024,INV1554,Cash Customer,Diesel,12710,1.62,20590.2
9/24/2024,INV1555,Kappa Transporters,Diesel,1377,1.68,2313.36
9/24/2024,INV1556,Jupiter Energy,Gasoline,3607,1.59,5735.13
9/24/2024,INV1557,Eagle Freight,Diesel,3354,1.65,5534.1
9/24/2024,INV1558,Delta Haulage,Diesel,6345,1.67,10596.15
9/25/2024,INV1559,Cash Customer,Gasoline,14083,1.49,20983.67
9/25/2024,INV1560,Cash Customer,Diesel,8288,1.61,13343.68
9/25/2024,INV1561,Delta Haulage,Gasoline,6991,1.53,10696.23
9/25/2024,INV1562,Alpha Transport,Diesel,7585,1.6,12136
9/25/2024,INV1563,Jupiter Energy,Gasoline,4950,1.49,7375.5
9/26/2024,INV1564,Cash Customer,Gasoline,14340,1.51,21653.4
9/26/2024,INV1565,Cash Customer,Diesel,14694,1.68,24685.92
9/26/2024,INV1566,Giga Haulers,Diesel,1793,1.66,2976.38
9/26/2024,INV1567,Helix Petroleum,Diesel,6309,1.64,10346.76
9/26/2024,INV1568,Nexus Fuels,Gasoline,4053,1.51,6120.03
9/26/2024,INV1569,Beta Logistics,Diesel,6915,1.58,10925.7
9/27/2024,INV1570,Cash Customer,Gasoline,14443,1.47,21231.21
9/27/2024,INV1571,Cash Customer,Diesel,15619,1.61,25146.59
9/27/2024,INV1572,Ivy Fuels,Gasoline,7678,1.57,12054.46
9/27/2024,INV1573,Omega Cargo,Gasoline,6126,1.58,9679.08
9/27/2024,INV1574,Beta Logistics,Gasoline,1450,1.51,2189.5
9/27/2024,INV1575,Alpha Transport,Gasoline,5621,1.49,8375.29
9/27/2024,INV1576,MaxDrive Ltd,Diesel,4512,1.61,7264.32
9/27/2024,INV1577,Beta Logistics,Diesel,1713,1.57,2689.41
9/28/2024,INV1578,Cash Customer,Gasoline,19984,1.49,29776.16
9/28/2024,INV1579,Cash Customer,Diesel,16740,1.68,28123.2
9/28/2024,INV1580,Delta Haulage,Gasoline,2460,1.5,3690
9/28/2024,INV1581,Alpha Transport,Diesel,6962,1.61,11208.82
9/28/2024,INV1582,Alpha Transport,Diesel,4354,1.58,6879.32
9/28/2024,INV1583,Nexus Fuels,Diesel,6698,1.57,10515.86
9/28/2024,INV1584,MaxDrive Ltd,Gasoline,6025,1.52,9158
9/29/2024,INV1585,Cash Customer,Gasoline,10806,1.52,16425.12
9/29/2024,INV1586,Cash Customer,Diesel,10825,1.65,17861.25
9/29/2024,INV1587,MaxDrive Ltd,Diesel,2399,1.65,3958.35
9/29/2024,INV1588,Beta Logistics,Diesel,3879,1.55,6012.45
9/29/2024,INV1589,Helix Petroleum,Diesel,7470,1.61,12026.7
9/29/2024,INV1590,Omega Cargo,Diesel,2788,1.58,4405.04
9/30/2024,INV1591,Cash Customer,Gasoline,15086,1.51,22779.86
9/30/2024,INV1592,Cash Customer,Diesel,14237,1.6,22779.2
9/30/2024,INV1593,Giga Haulers,Gasoline,1975,1.5,2962.5
9/30/2024,INV1594,Alpha Transport,Gasoline,7630,1.45,11063.5
9/30/2024,INV1595,Omega Cargo,Gasoline,4500,1.57,7065
9/30/2024,INV1596,Delta Haulage,Gasoline,4144,1.58,6547.52
10/1/2024,INV1597,Cash Customer,Gasoline,15350,1.59,24406.5
10/1/2024,INV1598,Cash Customer,Diesel,15248,1.61,24549.28
10/1/2024,INV1599,Eagle Freight,Gasoline,7011,1.6,11217.6
10/1/2024,INV1600,Alpha Transport,Gasoline,1639,1.45,2376.55
10/1/2024,INV1601,Nexus Fuels,Diesel,6942,1.65,11454.3
10/2/2024,INV1602,Cash Customer,Gasoline,19400,1.58,30652
10/2/2024,INV1603,Cash Customer,Diesel,16378,1.62,26532.36
10/2/2024,INV1604,Falcon Movers,Diesel,7415,1.58,11715.7
10/2/2024,INV1605,Nexus Fuels,Gasoline,4582,1.53,7010.46
10/2/2024,INV1606,Lumen Traders,Diesel,4126,1.66,6849.16
10/2/2024,INV1607,Jupiter Energy,Gasoline,3107,1.46,4536.22
10/2/2024,INV1608,Eagle Freight,Diesel,1390,1.7,2363
10/3/2024,INV1609,Cash Customer,Gasoline,16859,1.51,25457.09
10/3/2024,INV1610,Cash Customer,Diesel,15112,1.61,24330.32
10/3/2024,INV1611,Jupiter Energy,Gasoline,5424,1.57,8515.68
10/3/2024,INV1612,Helix Petroleum,Gasoline,6452,1.54,9936.08
10/3/2024,INV1613,Eagle Freight,Gasoline,5731,1.53,8768.43
10/3/2024,INV1614,Beta Logistics,Gasoline,2091,1.46,3052.86
10/3/2024,INV1615,Helix Petroleum,Gasoline,6676,1.52,10147.52
10/3/2024,INV1616,Eagle Freight,Diesel,6801,1.66,11289.66
10/4/2024,INV1617,Cash Customer,Gasoline,17138,1.45,24850.1
10/4/2024,INV1618,Cash Customer,Diesel,11161,1.69,18862.09
10/4/2024,INV1619,Nexus Fuels,Gasoline,2145,1.56,3346.2
10/4/2024,INV1620,Eagle Freight,Gasoline,3466,1.52,5268.32
10/4/2024,INV1621,Omega Cargo,Gasoline,5735,1.56,8946.6
10/4/2024,INV1622,Kappa Transporters,Gasoline,2023,1.48,2994.04
10/5/2024,INV1623,Cash Customer,Gasoline,15925,1.47,23409.75
10/5/2024,INV1624,Cash Customer,Diesel,16620,1.57,26093.4
10/5/2024,INV1625,Nexus Fuels,Gasoline,1421,1.53,2174.13
10/5/2024,INV1626,Civic Petroleum,Diesel,5093,1.63,8301.59
10/5/2024,INV1627,Omega Cargo,Gasoline,1362,1.57,2138.34
10/5/2024,INV1628,Falcon Movers,Gasoline,6843,1.57,10743.51
10/6/2024,INV1629,Cash Customer,Gasoline,17936,1.56,27980.16
10/6/2024,INV1630,Cash Customer,Diesel,14617,1.66,24264.22
10/6/2024,INV1631,Kappa Transporters,Diesel,6037,1.62,9779.94
10/6/2024,INV1632,MaxDrive Ltd,Gasoline,6128,1.58,9682.24
10/6/2024,INV1633,Falcon Movers,Diesel,7444,1.58,11761.52
10/6/2024,INV1634,Falcon Movers,Gasoline,7808,1.58,12336.64
10/7/2024,INV1635,Cash Customer,Gasoline,19795,1.55,30682.25
10/7/2024,INV1636,Cash Customer,Diesel,14580,1.69,24640.2
10/7/2024,INV1637,Helix Petroleum,Gasoline,1941,1.53,2969.73
10/7/2024,INV1638,Beta Logistics,Gasoline,6289,1.54,9685.06
10/7/2024,INV1639,MaxDrive Ltd,Gasoline,1621,1.57,2544.97
10/7/2024,INV1640,Helix Petroleum,Gasoline,1370,1.49,2041.3
10/7/2024,INV1641,MaxDrive Ltd,Diesel,4933,1.6,7892.8
10/8/2024,INV1642,Cash Customer,Gasoline,12998,1.48,19237.04
10/8/2024,INV1643,Cash Customer,Diesel,17206,1.65,28389.9
10/8/2024,INV1644,Lumen Traders,Gasoline,2116,1.55,3279.8
10/8/2024,INV1645,Falcon Movers,Diesel,3182,1.59,5059.38
10/8/2024,INV1646,Eagle Freight,Gasoline,6104,1.52,9278.08
10/8/2024,INV1647,Civic Petroleum,Diesel,2498,1.58,3946.84
10/8/2024,INV1648,Lumen Traders,Gasoline,4733,1.53,7241.49
10/9/2024,INV1649,Cash Customer,Gasoline,16033,1.59,25492.47
10/9/2024,INV1650,Cash Customer,Diesel,16228,1.58,25640.24
10/9/2024,INV1651,Lumen Traders,Gasoline,4618,1.5,6927
10/9/2024,INV1652,Giga Haulers,Diesel,1973,1.56,3077.88
10/9/2024,INV1653,MaxDrive Ltd,Diesel,2884,1.63,4700.92
10/9/2024,INV1654,Kappa Transporters,Gasoline,5704,1.48,8441.92
10/9/2024,INV1655,Ivy Fuels,Diesel,5529,1.57,8680.53
10/10/2024,INV1656,Cash Customer,Gasoline,11102,1.6,17763.2
10/10/2024,INV1657,Cash Customer,Diesel,16195,1.68,27207.6
10/10/2024,INV1658,Helix Petroleum,Diesel,1973,1.69,3334.37
10/10/2024,INV1659,Jupiter Energy,Diesel,5288,1.59,8407.92
10/10/2024,INV1660,Omega Cargo,Gasoline,2372,1.5,3558
10/11/2024,INV1661,Cash Customer,Gasoline,16548,1.57,25980.36
10/11/2024,INV1662,Cash Customer,Diesel,14689,1.57,23061.73
10/11/2024,INV1663,Kappa Transporters,Gasoline,4495,1.48,6652.6
10/11/2024,INV1664,Helix Petroleum,Diesel,6107,1.67,10198.69
10/11/2024,INV1665,MaxDrive Ltd,Gasoline,3495,1.47,5137.65
10/12/2024,INV1666,Cash Customer,Gasoline,12823,1.6,20516.8
10/12/2024,INV1667,Cash Customer,Diesel,14941,1.62,24204.42
10/12/2024,INV1668,Beta Logistics,Diesel,5470,1.61,8806.7
10/12/2024,INV1669,Civic Petroleum,Diesel,1007,1.61,1621.27
10/12/2024,INV1670,Omega Cargo,Gasoline,7279,1.47,10700.13
10/12/2024,INV1671,Jupiter Energy,Gasoline,4328,1.59,6881.52
10/12/2024,INV1672,Alpha Transport,Diesel,2270,1.64,3722.8
10/12/2024,INV1673,MaxDrive Ltd,Diesel,6127,1.67,10232.09
10/13/2024,INV1674,Cash Customer,Gasoline,18972,1.54,29216.88
10/13/2024,INV1675,Cash Customer,Diesel,12619,1.65,20821.35
10/13/2024,INV1676,Alpha Transport,Gasoline,5938,1.48,8788.24
10/13/2024,INV1677,Lumen Traders,Gasoline,3468,1.59,5514.12
10/13/2024,INV1678,Alpha Transport,Gasoline,7306,1.56,11397.36
10/14/2024,INV1679,Cash Customer,Gasoline,14333,1.57,22502.81
10/14/2024,INV1680,Cash Customer,Diesel,14204,1.58,22442.32
10/14/2024,INV1681,Beta Logistics,Diesel,2966,1.56,4626.96
10/14/2024,INV1682,Kappa Transporters,Gasoline,2131,1.54,3281.74
10/14/2024,INV1683,Beta Logistics,Diesel,3798,1.65,6266.7
10/14/2024,INV1684,MaxDrive Ltd,Diesel,4316,1.65,7121.4
10/14/2024,INV1685,Nexus Fuels,Gasoline,2490,1.45,3610.5
10/14/2024,INV1686,Nexus Fuels,Diesel,3079,1.59,4895.61
10/15/2024,INV1687,Cash Customer,Gasoline,11293,1.47,16600.71
10/15/2024,INV1688,Cash Customer,Diesel,13160,1.57,20661.2
10/15/2024,INV1689,Kappa Transporters,Diesel,6992,1.55,10837.6
10/15/2024,INV1690,MaxDrive Ltd,Gasoline,4480,1.5,6720
10/15/2024,INV1691,Lumen Traders,Gasoline,4949,1.55,7670.95
10/15/2024,INV1692,Alpha Transport,Diesel,1229,1.64,2015.56
10/16/2024,INV1693,Cash Customer,Gasoline,13203,1.51,19936.53
10/16/2024,INV1694,Cash Customer,Diesel,11176,1.64,18328.64
10/16/2024,INV1695,Civic Petroleum,Diesel,5978,1.66,9923.48
10/16/2024,INV1696,Beta Logistics,Gasoline,1270,1.52,1930.4
10/16/2024,INV1697,Delta Haulage,Diesel,6615,1.57,10385.55
10/16/2024,INV1698,Lumen Traders,Diesel,6587,1.69,11132.03
10/16/2024,INV1699,Kappa Transporters,Diesel,3962,1.66,6576.92
10/17/2024,INV1700,Cash Customer,Gasoline,15172,1.55,23516.6
10/17/2024,INV1701,Cash Customer,Diesel,12153,1.59,19323.27
10/17/2024,INV1702,Beta Logistics,Diesel,3636,1.6,5817.6
10/17/2024,INV1703,Ivy Fuels,Gasoline,4827,1.48,7143.96
10/17/2024,INV1704,Helix Petroleum,Gasoline,2072,1.49,3087.28
10/17/2024,INV1705,Nexus Fuels,Gasoline,7291,1.56,11373.96
10/17/2024,INV1706,Lumen Traders,Diesel,6057,1.63,9872.91
10/17/2024,INV1707,Jupiter Energy,Diesel,6220,1.64,10200.8
10/18/2024,INV1708,Cash Customer,Gasoline,16445,1.55,25489.75
10/18/2024,INV1709,Cash Customer,Diesel,12609,1.56,19670.04
10/18/2024,INV1710,Helix Petroleum,Gasoline,1309,1.51,1976.59
10/18/2024,INV1711,Jupiter Energy,Gasoline,1191,1.6,1905.6
10/18/2024,INV1712,Beta Logistics,Diesel,4007,1.59,6371.13
10/19/2024,INV1713,Cash Customer,Gasoline,16094,1.55,24945.7
10/19/2024,INV1714,Cash Customer,Diesel,16017,1.63,26107.71
10/19/2024,INV1715,Delta Haulage,Diesel,1307,1.66,2169.62
10/19/2024,INV1716,Kappa Transporters,Gasoline,4215,1.51,6364.65
10/19/2024,INV1717,Alpha Transport,Gasoline,6199,1.53,9484.47
10/19/2024,INV1718,Kappa Transporters,Gasoline,7422,1.59,11800.98
10/19/2024,INV1719,Beta Logistics,Diesel,3957,1.62,6410.34
10/19/2024,INV1720,Ivy Fuels,Diesel,3545,1.59,5636.55
10/20/2024,INV1721,Cash Customer,Gasoline,11064,1.54,17038.56
10/20/2024,INV1722,Cash Customer,Diesel,17568,1.65,28987.2
10/20/2024,INV1723,Alpha Transport,Gasoline,6014,1.54,9261.56
10/20/2024,INV1724,Lumen Traders,Gasoline,2581,1.49,3845.69
10/20/2024,INV1725,Alpha Transport,Diesel,5283,1.68,8875.44
10/20/2024,INV1726,MaxDrive Ltd,Gasoline,1762,1.52,2678.24
10/20/2024,INV1727,Eagle Freight,Diesel,4894,1.61,7879.34
10/20/2024,INV1728,Lumen Traders,Gasoline,5472,1.46,7989.12
10/21/2024,INV1729,Cash Customer,Gasoline,13280,1.55,20584
10/21/2024,INV1730,Cash Customer,Diesel,15038,1.66,24963.08
10/21/2024,INV1731,Civic Petroleum,Gasoline,6857,1.59,10902.63
10/21/2024,INV1732,Nexus Fuels,Diesel,2184,1.65,3603.6
10/21/2024,INV1733,Beta Logistics,Gasoline,2957,1.54,4553.78
10/21/2024,INV1734,Delta Haulage,Diesel,2019,1.69,3412.11
10/21/2024,INV1735,Helix Petroleum,Gasoline,1837,1.58,2902.46
10/21/2024,INV1736,MaxDrive Ltd,Diesel,2713,1.69,4584.97
10/22/2024,INV1737,Cash Customer,Gasoline,15433,1.56,24075.48
10/22/2024,INV1738,Cash Customer,Diesel,13354,1.66,22167.64
10/22/2024,INV1739,Eagle Freight,Gasoline,1774,1.58,2802.92
10/22/2024,INV1740,Beta Logistics,Gasoline,6823,1.56,10643.88
10/22/2024,INV1741,Nexus Fuels,Gasoline,3588,1.49,5346.12
10/23/2024,INV1742,Cash Customer,Gasoline,14885,1.46,21732.1
10/23/2024,INV1743,Cash Customer,Diesel,12479,1.65,20590.35
10/23/2024,INV1744,MaxDrive Ltd,Gasoline,2138,1.59,3399.42
10/23/2024,INV1745,Giga Haulers,Gasoline,2343,1.5,3514.5
10/23/2024,INV1746,Ivy Fuels,Diesel,3254,1.63,5304.02
10/24/2024,INV1747,Cash Customer,Gasoline,15577,1.54,23988.58
10/24/2024,INV1748,Cash Customer,Diesel,13181,1.59,20957.79
10/24/2024,INV1749,Falcon Movers,Diesel,4778,1.55,7405.9
10/24/2024,INV1750,Helix Petroleum,Diesel,5590,1.57,8776.3
10/24/2024,INV1751,Ivy Fuels,Diesel,4039,1.6,6462.4
10/24/2024,INV1752,Falcon Movers,Diesel,6672,1.59,10608.48
10/24/2024,INV1753,Lumen Traders,Gasoline,3933,1.47,5781.51
10/25/2024,INV1754,Cash Customer,Gasoline,12865,1.58,20326.7
10/25/2024,INV1755,Cash Customer,Diesel,15964,1.61,25702.04
10/25/2024,INV1756,Falcon Movers,Diesel,3272,1.59,5202.48
10/25/2024,INV1757,Ivy Fuels,Gasoline,2168,1.52,3295.36
10/25/2024,INV1758,Nexus Fuels,Diesel,7049,1.59,11207.91
10/25/2024,INV1759,MaxDrive Ltd,Diesel,1958,1.64,3211.12
10/26/2024,INV1760,Cash Customer,Gasoline,12457,1.48,18436.36
10/26/2024,INV1761,Cash Customer,Diesel,13444,1.69,22720.36
10/26/2024,INV1762,Falcon Movers,Gasoline,1851,1.46,2702.46
10/26/2024,INV1763,Eagle Freight,Gasoline,2439,1.46,3560.94
10/26/2024,INV1764,Eagle Freight,Gasoline,3967,1.51,5990.17
10/27/2024,INV1765,Cash Customer,Gasoline,10990,1.49,16375.1
10/27/2024,INV1766,Cash Customer,Diesel,16392,1.69,27702.48
10/27/2024,INV1767,Lumen Traders,Gasoline,3829,1.54,5896.66
10/27/2024,INV1768,Civic Petroleum,Diesel,4951,1.68,8317.68
10/27/2024,INV1769,Helix Petroleum,Gasoline,2329,1.59,3703.11
10/27/2024,INV1770,MaxDrive Ltd,Gasoline,3607,1.52,5482.64
10/27/2024,INV1771,Lumen Traders,Gasoline,5213,1.46,7610.98
10/28/2024,INV1772,Cash Customer,Gasoline,11751,1.52,17861.52
10/28/2024,INV1773,Cash Customer,Diesel,15121,1.63,24647.23
10/28/2024,INV1774,Kappa Transporters,Diesel,1034,1.58,1633.72
10/28/2024,INV1775,Kappa Transporters,Gasoline,2330,1.51,3518.3
10/28/2024,INV1776,Civic Petroleum,Diesel,5838,1.64,9574.32
10/28/2024,INV1777,Helix Petroleum,Gasoline,6395,1.53,9784.35
10/29/2024,INV1778,Cash Customer,Gasoline,10696,1.45,15509.2
10/29/2024,INV1779,Cash Customer,Diesel,11589,1.69,19585.41
10/29/2024,INV1780,Alpha Transport,Gasoline,4050,1.52,6156
10/29/2024,INV1781,Civic Petroleum,Gasoline,3017,1.59,4797.03
10/29/2024,INV1782,Giga Haulers,Diesel,6405,1.61,10312.05
10/30/2024,INV1783,Cash Customer,Gasoline,15349,1.45,22256.05
10/30/2024,INV1784,Cash Customer,Diesel,13781,1.62,22325.22
10/30/2024,INV1785,Helix Petroleum,Gasoline,6224,1.58,9833.92
10/30/2024,INV1786,MaxDrive Ltd,Gasoline,2639,1.54,4064.06
10/30/2024,INV1787,MaxDrive Ltd,Diesel,1861,1.62,3014.82
10/30/2024,INV1788,Beta Logistics,Gasoline,4595,1.55,7122.25
10/30/2024,INV1789,Alpha Transport,Gasoline,1539,1.51,2323.89
10/31/2024,INV1790,Cash Customer,Gasoline,17894,1.54,27556.76
10/31/2024,INV1791,Cash Customer,Diesel,17409,1.61,28028.49
10/31/2024,INV1792,MaxDrive Ltd,Diesel,3485,1.57,5471.45
10/31/2024,INV1793,Kappa Transporters,Diesel,6558,1.56,10230.48
10/31/2024,INV1794,Ivy Fuels,Gasoline,2321,1.54,3574.34
11/1/2024,INV1795,Cash Customer,Gasoline,13266,1.55,20562.3
11/1/2024,INV1796,Cash Customer,Diesel,15001,1.62,24301.62
11/1/2024,INV1797,Beta Logistics,Diesel,1712,1.62,2773.44
11/1/2024,INV1798,Eagle Freight,Gasoline,4784,1.53,7319.52
11/1/2024,INV1799,Delta Haulage,Gasoline,7405,1.55,11477.75
11/1/2024,INV1800,Jupiter Energy,Gasoline,4018,1.55,6227.9
11/1/2024,INV1801,MaxDrive Ltd,Gasoline,3612,1.56,5634.72
11/2/2024,INV1802,Cash Customer,Gasoline,11839,1.49,17640.11
11/2/2024,INV1803,Cash Customer,Diesel,13193,1.68,22164.24
11/2/2024,INV1804,Nexus Fuels,Diesel,1348,1.67,2251.16
11/2/2024,INV1805,Nexus Fuels,Diesel,2309,1.6,3694.4
11/2/2024,INV1806,Helix Petroleum,Gasoline,2356,1.47,3463.32
11/2/2024,INV1807,Nexus Fuels,Diesel,2222,1.67,3710.74
11/3/2024,INV1808,Cash Customer,Gasoline,14701,1.58,23227.58
11/3/2024,INV1809,Cash Customer,Diesel,16625,1.61,26766.25
11/3/2024,INV1810,Helix Petroleum,Diesel,6836,1.6,10937.6
11/3/2024,INV1811,Delta Haulage,Diesel,2790,1.68,4687.2
11/3/2024,INV1812,Omega Cargo,Diesel,3386,1.6,5417.6
11/3/2024,INV1813,Civic Petroleum,Gasoline,2510,1.54,3865.4
11/3/2024,INV1814,Kappa Transporters,Gasoline,2046,1.59,3253.14
11/3/2024,INV1815,Alpha Transport,Gasoline,4360,1.52,6627.2
11/4/2024,INV1816,Cash Customer,Gasoline,13707,1.54,21108.78
11/4/2024,INV1817,Cash Customer,Diesel,17117,1.7,29098.9
11/4/2024,INV1818,Helix Petroleum,Gasoline,3110,1.47,4571.7
11/4/2024,INV1819,Alpha Transport,Diesel,6572,1.67,10975.24
11/4/2024,INV1820,Alpha Transport,Diesel,4094,1.62,6632.28
11/4/2024,INV1821,Giga Haulers,Gasoline,6847,1.57,10749.79
11/4/2024,INV1822,Ivy Fuels,Diesel,3753,1.69,6342.57
11/5/2024,INV1823,Cash Customer,Gasoline,15415,1.47,22660.05
11/5/2024,INV1824,Cash Customer,Diesel,15911,1.67,26571.37
11/5/2024,INV1825,Civic Petroleum,Gasoline,1841,1.58,2908.78
11/5/2024,INV1826,Nexus Fuels,Gasoline,4860,1.55,7533
11/5/2024,INV1827,Delta Haulage,Gasoline,4554,1.54,7013.16
11/6/2024,INV1828,Cash Customer,Gasoline,14289,1.51,21576.39
11/6/2024,INV1829,Cash Customer,Diesel,15984,1.63,26053.92
11/6/2024,INV1830,Civic Petroleum,Gasoline,4002,1.59,6363.18
11/6/2024,INV1831,MaxDrive Ltd,Gasoline,7337,1.53,11225.61
11/6/2024,INV1832,Jupiter Energy,Gasoline,2620,1.57,4113.4
11/6/2024,INV1833,Delta Haulage,Diesel,1551,1.69,2621.19
11/6/2024,INV1834,Ivy Fuels,Diesel,2139,1.61,3443.79
11/6/2024,INV1835,Jupiter Energy,Gasoline,7168,1.57,11253.76
11/7/2024,INV1836,Cash Customer,Gasoline,16132,1.58,25488.56
11/7/2024,INV1837,Cash Customer,Diesel,14067,1.7,23913.9
11/7/2024,INV1838,Falcon Movers,Gasoline,7014,1.57,11011.98
11/7/2024,INV1839,Ivy Fuels,Gasoline,2272,1.53,3476.16
11/7/2024,INV1840,Ivy Fuels,Diesel,7517,1.67,12553.39
11/7/2024,INV1841,Alpha Transport,Diesel,5559,1.58,8783.22
11/7/2024,INV1842,Ivy Fuels,Diesel,6255,1.56,9757.8
11/8/2024,INV1843,Cash Customer,Gasoline,15021,1.59,23883.39
11/8/2024,INV1844,Cash Customer,Diesel,8458,1.68,14209.44
11/8/2024,INV1845,Beta Logistics,Diesel,5357,1.64,8785.48
11/8/2024,INV1846,Giga Haulers,Gasoline,5256,1.5,7884
11/8/2024,INV1847,Nexus Fuels,Diesel,5479,1.66,9095.14
11/8/2024,INV1848,Beta Logistics,Diesel,6205,1.66,10300.3
11/9/2024,INV1849,Cash Customer,Gasoline,11273,1.54,17360.42
11/9/2024,INV1850,Cash Customer,Diesel,12147,1.67,20285.49
11/9/2024,INV1851,Helix Petroleum,Gasoline,2474,1.59,3933.66
11/9/2024,INV1852,Kappa Transporters,Diesel,4712,1.61,7586.32
11/9/2024,INV1853,Alpha Transport,Gasoline,2838,1.52,4313.76
11/10/2024,INV1854,Cash Customer,Gasoline,14927,1.56,23286.12
11/10/2024,INV1855,Cash Customer,Diesel,12625,1.66,20957.5
11/10/2024,INV1856,Helix Petroleum,Gasoline,7247,1.49,10798.03
11/10/2024,INV1857,Delta Haulage,Diesel,4378,1.63,7136.14
11/10/2024,INV1858,Giga Haulers,Gasoline,5736,1.59,9120.24
11/10/2024,INV1859,Falcon Movers,Diesel,5406,1.63,8811.78
11/11/2024,INV1860,Cash Customer,Gasoline,10835,1.56,16902.6
11/11/2024,INV1861,Cash Customer,Diesel,15172,1.56,23668.32
11/11/2024,INV1862,MaxDrive Ltd,Gasoline,5549,1.5,8323.5
11/11/2024,INV1863,Beta Logistics,Gasoline,5723,1.57,8985.11
11/11/2024,INV1864,MaxDrive Ltd,Diesel,7353,1.64,12058.92
11/11/2024,INV1865,MaxDrive Ltd,Diesel,6367,1.58,10059.86
11/11/2024,INV1866,Beta Logistics,Gasoline,7996,1.52,12153.92
11/12/2024,INV1867,Cash Customer,Gasoline,17809,1.52,27069.68
11/12/2024,INV1868,Cash Customer,Diesel,15256,1.7,25935.2
11/12/2024,INV1869,Nexus Fuels,Diesel,5664,1.55,8779.2
11/12/2024,INV1870,Kappa Transporters,Gasoline,6171,1.57,9688.47
11/12/2024,INV1871,Eagle Freight,Gasoline,6296,1.6,10073.6
11/13/2024,INV1872,Cash Customer,Gasoline,18380,1.52,27937.6
11/13/2024,INV1873,Cash Customer,Diesel,14210,1.64,23304.4
11/13/2024,INV1874,Eagle Freight,Diesel,3079,1.68,5172.72
11/13/2024,INV1875,Giga Haulers,Diesel,2857,1.59,4542.63
11/13/2024,INV1876,Omega Cargo,Diesel,6510,1.56,10155.6
11/14/2024,INV1877,Cash Customer,Gasoline,11823,1.45,17143.35
11/14/2024,INV1878,Cash Customer,Diesel,15981,1.57,25090.17
11/14/2024,INV1879,Lumen Traders,Diesel,1745,1.69,2949.05
11/14/2024,INV1880,Beta Logistics,Gasoline,2548,1.49,3796.52
11/14/2024,INV1881,MaxDrive Ltd,Diesel,3404,1.61,5480.44
11/14/2024,INV1882,Kappa Transporters,Gasoline,4484,1.56,6995.04
11/14/2024,INV1883,Civic Petroleum,Gasoline,7979,1.45,11569.55
11/15/2024,INV1884,Cash Customer,Gasoline,15511,1.53,23731.83
11/15/2024,INV1885,Cash Customer,Diesel,12966,1.66,21523.56
11/15/2024,INV1886,Civic Petroleum,Diesel,6888,1.57,10814.16
11/15/2024,INV1887,Kappa Transporters,Gasoline,1624,1.56,2533.44
11/15/2024,INV1888,Kappa Transporters,Diesel,1784,1.57,2800.88
11/15/2024,INV1889,Ivy Fuels,Diesel,3890,1.67,6496.3
11/16/2024,INV1890,Cash Customer,Gasoline,11511,1.59,18302.49
11/16/2024,INV1891,Cash Customer,Diesel,9601,1.61,15457.61
11/16/2024,INV1892,Omega Cargo,Gasoline,1022,1.51,1543.22
11/16/2024,INV1893,Alpha Transport,Diesel,1179,1.7,2004.3
11/16/2024,INV1894,Falcon Movers,Gasoline,3675,1.47,5402.25
11/16/2024,INV1895,Giga Haulers,Diesel,5340,1.66,8864.4
11/16/2024,INV1896,Helix Petroleum,Diesel,4478,1.69,7567.82
11/16/2024,INV1897,Alpha Transport,Gasoline,2350,1.57,3689.5
11/17/2024,INV1898,Cash Customer,Gasoline,15722,1.56,24526.32
11/17/2024,INV1899,Cash Customer,Diesel,16605,1.6,26568
11/17/2024,INV1900,Helix Petroleum,Gasoline,3631,1.56,5664.36
11/17/2024,INV1901,Delta Haulage,Diesel,7731,1.7,13142.7
11/17/2024,INV1902,Eagle Freight,Gasoline,7773,1.57,12203.61
11/17/2024,INV1903,Falcon Movers,Gasoline,5477,1.58,8653.66
11/17/2024,INV1904,Lumen Traders,Diesel,6797,1.65,11215.05
11/18/2024,INV1905,Cash Customer,Gasoline,14733,1.47,21657.51
11/18/2024,INV1906,Cash Customer,Diesel,8865,1.68,14893.2
11/18/2024,INV1907,Lumen Traders,Diesel,1732,1.61,2788.52
11/18/2024,INV1908,Ivy Fuels,Gasoline,7715,1.48,11418.2
11/18/2024,INV1909,Civic Petroleum,Gasoline,5150,1.48,7622
11/18/2024,INV1910,Kappa Transporters,Diesel,2998,1.63,4886.74
11/18/2024,INV1911,Beta Logistics,Gasoline,5839,1.54,8992.06
11/18/2024,INV1912,Jupiter Energy,Gasoline,5332,1.55,8264.6
11/19/2024,INV1913,Cash Customer,Gasoline,11887,1.49,17711.63
11/19/2024,INV1914,Cash Customer,Diesel,16602,1.57,26065.14
11/19/2024,INV1915,Giga Haulers,Diesel,5866,1.6,9385.6
11/19/2024,INV1916,Beta Logistics,Gasoline,6862,1.47,10087.14
11/19/2024,INV1917,Beta Logistics,Diesel,3762,1.56,5868.72
11/20/2024,INV1918,Cash Customer,Gasoline,12399,1.55,19218.45
11/20/2024,INV1919,Cash Customer,Diesel,16551,1.63,26978.13
11/20/2024,INV1920,Helix Petroleum,Gasoline,2052,1.55,3180.6
11/20/2024,INV1921,Eagle Freight,Diesel,7361,1.61,11851.21
11/20/2024,INV1922,Falcon Movers,Diesel,1471,1.69,2485.99
11/20/2024,INV1923,Giga Haulers,Diesel,2740,1.66,4548.4
11/20/2024,INV1924,Kappa Transporters,Diesel,5747,1.64,9425.08
11/21/2024,INV1925,Cash Customer,Gasoline,18516,1.59,29440.44
11/21/2024,INV1926,Cash Customer,Diesel,13065,1.62,21165.3
11/21/2024,INV1927,Nexus Fuels,Gasoline,5420,1.51,8184.2
11/21/2024,INV1928,Jupiter Energy,Gasoline,3469,1.48,5134.12
11/21/2024,INV1929,MaxDrive Ltd,Diesel,5087,1.59,8088.33
11/21/2024,INV1930,Omega Cargo,Diesel,1494,1.59,2375.46
11/21/2024,INV1931,Delta Haulage,Diesel,6958,1.59,11063.22
11/21/2024,INV1932,Giga Haulers,Gasoline,6584,1.59,10468.56
11/22/2024,INV1933,Cash Customer,Gasoline,11108,1.46,16217.68
11/22/2024,INV1934,Cash Customer,Diesel,17994,1.68,30229.92
11/22/2024,INV1935,Civic Petroleum,Gasoline,1715,1.49,2555.35
11/22/2024,INV1936,Lumen Traders,Diesel,7208,1.69,12181.52
11/22/2024,INV1937,Kappa Transporters,Diesel,5713,1.57,8969.41
11/22/2024,INV1938,Delta Haulage,Diesel,6219,1.64,10199.16
11/23/2024,INV1939,Cash Customer,Gasoline,19007,1.56,29650.92
11/23/2024,INV1940,Cash Customer,Diesel,15738,1.66,26125.08
11/23/2024,INV1941,Alpha Transport,Gasoline,5310,1.54,8177.4
11/23/2024,INV1942,Delta Haulage,Diesel,7882,1.6,12611.2
11/23/2024,INV1943,Delta Haulage,Diesel,7544,1.6,12070.4
11/23/2024,INV1944,Jupiter Energy,Gasoline,4627,1.55,7171.85
11/23/2024,INV1945,Falcon Movers,Gasoline,6171,1.51,9318.21
11/24/2024,INV1946,Cash Customer,Gasoline,10744,1.57,16868.08
11/24/2024,INV1947,Cash Customer,Diesel,15200,1.57,23864
11/24/2024,INV1948,MaxDrive Ltd,Diesel,2933,1.65,4839.45
11/24/2024,INV1949,Eagle Freight,Gasoline,6248,1.48,9247.04
11/24/2024,INV1950,Ivy Fuels,Gasoline,6029,1.5,9043.5
11/24/2024,INV1951,Kappa Transporters,Gasoline,1622,1.5,2433
11/24/2024,INV1952,Omega Cargo,Diesel,6200,1.61,9982
11/24/2024,INV1953,Beta Logistics,Gasoline,7739,1.54,11918.06
11/25/2024,INV1954,Cash Customer,Gasoline,18457,1.58,29162.06
11/25/2024,INV1955,Cash Customer,Diesel,14496,1.63,23628.48
11/25/2024,INV1956,Civic Petroleum,Gasoline,1791,1.53,2740.23
11/25/2024,INV1957,Helix Petroleum,Gasoline,2975,1.53,4551.75
11/25/2024,INV1958,Eagle Freight,Gasoline,3638,1.55,5638.9
11/26/2024,INV1959,Cash Customer,Gasoline,10329,1.5,15493.5
11/26/2024,INV1960,Cash Customer,Diesel,11399,1.66,18922.34
11/26/2024,INV1961,Civic Petroleum,Diesel,1800,1.68,3024
11/26/2024,INV1962,MaxDrive Ltd,Gasoline,7773,1.51,11737.23
11/26/2024,INV1963,Jupiter Energy,Gasoline,6940,1.52,10548.8
11/27/2024,INV1964,Cash Customer,Gasoline,11563,1.49,17228.87
11/27/2024,INV1965,Cash Customer,Diesel,14171,1.59,22531.89
11/27/2024,INV1966,Civic Petroleum,Diesel,6830,1.61,10996.3
11/27/2024,INV1967,Falcon Movers,Diesel,1218,1.63,1985.34
11/27/2024,INV1968,Lumen Traders,Gasoline,4831,1.47,7101.57
11/27/2024,INV1969,Lumen Traders,Diesel,1397,1.68,2346.96
11/28/2024,INV1970,Cash Customer,Gasoline,12903,1.52,19612.56
11/28/2024,INV1971,Cash Customer,Diesel,17474,1.7,29705.8
11/28/2024,INV1972,MaxDrive Ltd,Diesel,1700,1.58,2686
11/28/2024,INV1973,MaxDrive Ltd,Gasoline,1909,1.53,2920.77
11/28/2024,INV1974,Alpha Transport,Diesel,3288,1.55,5096.4
11/28/2024,INV1975,Delta Haulage,Diesel,3129,1.63,5100.27
11/29/2024,INV1976,Cash Customer,Gasoline,11177,1.46,16318.42
11/29/2024,INV1977,Cash Customer,Diesel,12083,1.64,19816.12
11/29/2024,INV1978,Kappa Transporters,Gasoline,1762,1.49,2625.38
11/29/2024,INV1979,Eagle Freight,Gasoline,4576,1.52,6955.52
11/29/2024,INV1980,Lumen Traders,Gasoline,2560,1.51,3865.6
11/29/2024,INV1981,Alpha Transport,Diesel,7494,1.69,12664.86
11/29/2024,INV1982,Beta Logistics,Diesel,2506,1.58,3959.48
11/30/2024,INV1983,Cash Customer,Gasoline,18725,1.51,28274.75
11/30/2024,INV1984,Cash Customer,Diesel,11725,1.62,18994.5
11/30/2024,INV1985,Beta Logistics,Diesel,3776,1.59,6003.84
11/30/2024,INV1986,Jupiter Energy,Gasoline,2086,1.59,3316.74
11/30/2024,INV1987,Beta Logistics,Diesel,2408,1.58,3804.64
11/30/2024,INV1988,Alpha Transport,Diesel,2849,1.59,4529.91
12/1/2024,INV1989,Cash Customer,Gasoline,17830,1.53,27279.9
12/1/2024,INV1990,Cash Customer,Diesel,10089,1.6,16142.4
12/1/2024,INV1991,Lumen Traders,Gasoline,3330,1.59,5294.7
12/1/2024,INV1992,Lumen Traders,Gasoline,4208,1.5,6312
12/1/2024,INV1993,Ivy Fuels,Diesel,6914,1.66,11477.24
12/1/2024,INV1994,Giga Haulers,Gasoline,2465,1.46,3598.9
12/2/2024,INV1995,Cash Customer,Gasoline,15769,1.51,23811.19
12/2/2024,INV1996,Cash Customer,Diesel,16301,1.64,26733.64
12/2/2024,INV1997,Jupiter Energy,Gasoline,2456,1.54,3782.24
12/2/2024,INV1998,Kappa Transporters,Gasoline,7640,1.48,11307.2
12/2/2024,INV1999,Giga Haulers,Gasoline,2494,1.59,3965.46
12/2/2024,INV2000,Jupiter Energy,Diesel,1855,1.59,2949.45
12/2/2024,INV2001,Nexus Fuels,Gasoline,6361,1.6,10177.6
12/3/2024,INV2002,Cash Customer,Gasoline,17273,1.49,25736.77
12/3/2024,INV2003,Cash Customer,Diesel,16688,1.6,26700.8
12/3/2024,INV2004,Falcon Movers,Gasoline,3673,1.53,5619.69
12/3/2024,INV2005,Helix Petroleum,Diesel,7450,1.56,11622
12/3/2024,INV2006,Falcon Movers,Diesel,6727,1.61,10830.47
12/3/2024,INV2007,Delta Haulage,Gasoline,4378,1.5,6567
12/4/2024,INV2008,Cash Customer,Gasoline,14992,1.5,22488
12/4/2024,INV2009,Cash Customer,Diesel,9786,1.64,16049.04
12/4/2024,INV2010,Beta Logistics,Gasoline,5974,1.58,9438.92
12/4/2024,INV2011,Eagle Freight,Gasoline,6128,1.55,9498.4
12/4/2024,INV2012,Beta Logistics,Diesel,1118,1.6,1788.8
12/4/2024,INV2013,Giga Haulers,Diesel,5120,1.58,8089.6
12/5/2024,INV2014,Cash Customer,Gasoline,18344,1.49,27332.56
12/5/2024,INV2015,Cash Customer,Diesel,15305,1.68,25712.4
12/5/2024,INV2016,Civic Petroleum,Diesel,7359,1.61,11847.99
12/5/2024,INV2017,Lumen Traders,Gasoline,6081,1.57,9547.17
12/5/2024,INV2018,Jupiter Energy,Gasoline,5982,1.5,8973
12/5/2024,INV2019,Eagle Freight,Diesel,1541,1.62,2496.42
12/5/2024,INV2020,Omega Cargo,Diesel,7428,1.58,11736.24
12/6/2024,INV2021,Cash Customer,Gasoline,18143,1.6,29028.8
12/6/2024,INV2022,Cash Customer,Diesel,8022,1.67,13396.74
12/6/2024,INV2023,Omega Cargo,Diesel,3613,1.67,6033.71
12/6/2024,INV2024,MaxDrive Ltd,Diesel,3901,1.55,6046.55
12/6/2024,INV2025,Alpha Transport,Diesel,7833,1.55,12141.15
12/7/2024,INV2026,Cash Customer,Gasoline,19651,1.56,30655.56
12/7/2024,INV2027,Cash Customer,Diesel,8322,1.65,13731.3
12/7/2024,INV2028,Jupiter Energy,Diesel,1997,1.64,3275.08
12/7/2024,INV2029,Jupiter Energy,Gasoline,3086,1.54,4752.44
12/7/2024,INV2030,Ivy Fuels,Diesel,1149,1.61,1849.89
12/7/2024,INV2031,MaxDrive Ltd,Gasoline,4122,1.51,6224.22
12/7/2024,INV2032,Civic Petroleum,Gasoline,5530,1.53,8460.9
12/7/2024,INV2033,Beta Logistics,Gasoline,3063,1.57,4808.91
12/8/2024,INV2034,Cash Customer,Gasoline,19511,1.52,29656.72
12/8/2024,INV2035,Cash Customer,Diesel,11198,1.63,18252.74
12/8/2024,INV2036,Delta Haulage,Gasoline,5218,1.57,8192.26
12/8/2024,INV2037,Kappa Transporters,Diesel,6995,1.58,11052.1
12/8/2024,INV2038,Ivy Fuels,Diesel,5126,1.57,8047.82
12/8/2024,INV2039,Falcon Movers,Gasoline,2652,1.53,4057.56
12/9/2024,INV2040,Cash Customer,Gasoline,12013,1.52,18259.76
12/9/2024,INV2041,Cash Customer,Diesel,10246,1.63,16700.98
12/9/2024,INV2042,Jupiter Energy,Gasoline,6767,1.46,9879.82
12/9/2024,INV2043,Lumen Traders,Gasoline,7295,1.48,10796.6
12/9/2024,INV2044,Jupiter Energy,Diesel,3150,1.65,5197.5
12/10/2024,INV2045,Cash Customer,Gasoline,16882,1.53,25829.46
12/10/2024,INV2046,Cash Customer,Diesel,12276,1.61,19764.36
12/10/2024,INV2047,Nexus Fuels,Diesel,4884,1.61,7863.24
12/10/2024,INV2048,Jupiter Energy,Gasoline,4226,1.51,6381.26
12/10/2024,INV2049,Beta Logistics,Gasoline,7224,1.5,10836
12/11/2024,INV2050,Cash Customer,Gasoline,17020,1.57,26721.4
12/11/2024,INV2051,Cash Customer,Diesel,8453,1.58,13355.74
12/11/2024,INV2052,Eagle Freight,Diesel,1414,1.61,2276.54
12/11/2024,INV2053,Giga Haulers,Gasoline,2307,1.56,3598.92
12/11/2024,INV2054,MaxDrive Ltd,Diesel,6652,1.67,11108.84
12/11/2024,INV2055,Falcon Movers,Diesel,7692,1.63,12537.96
12/12/2024,INV2056,Cash Customer,Gasoline,17070,1.5,25605
12/12/2024,INV2057,Cash Customer,Diesel,14924,1.62,24176.88
12/12/2024,INV2058,Lumen Traders,Gasoline,1071,1.58,1692.18
12/12/2024,INV2059,Eagle Freight,Gasoline,3832,1.57,6016.24
12/12/2024,INV2060,Jupiter Energy,Diesel,4672,1.64,7662.08
12/12/2024,INV2061,Lumen Traders,Diesel,3596,1.64,5897.44
12/12/2024,INV2062,Nexus Fuels,Diesel,3203,1.64,5252.92
12/13/2024,INV2063,Cash Customer,Gasoline,14003,1.58,22124.74
12/13/2024,INV2064,Cash Customer,Diesel,11628,1.63,18953.64
12/13/2024,INV2065,Giga Haulers,Diesel,4135,1.56,6450.6
12/13/2024,INV2066,Falcon Movers,Diesel,5049,1.59,8027.91
12/13/2024,INV2067,Nexus Fuels,Diesel,3010,1.58,4755.8
12/13/2024,INV2068,Falcon Movers,Gasoline,2525,1.47,3711.75
12/13/2024,INV2069,Jupiter Energy,Gasoline,3122,1.59,4963.98
12/14/2024,INV2070,Cash Customer,Gasoline,13295,1.47,19543.65
12/14/2024,INV2071,Cash Customer,Diesel,11154,1.62,18069.48
12/14/2024,INV2072,Helix Petroleum,Gasoline,4902,1.59,7794.18
12/14/2024,INV2073,Delta Haulage,Gasoline,1060,1.5,1590
12/14/2024,INV2074,Omega Cargo,Gasoline,5026,1.54,7740.04
12/14/2024,INV2075,Nexus Fuels,Gasoline,3393,1.5,5089.5
12/14/2024,INV2076,Eagle Freight,Diesel,3879,1.69,6555.51
12/14/2024,INV2077,Falcon Movers,Diesel,7116,1.58,11243.28
12/15/2024,INV2078,Cash Customer,Gasoline,19414,1.49,28926.86
12/15/2024,INV2079,Cash Customer,Diesel,9908,1.57,15555.56
12/15/2024,INV2080,Delta Haulage,Gasoline,5498,1.51,8301.98
12/15/2024,INV2081,Alpha Transport,Diesel,6312,1.62,10225.44
12/15/2024,INV2082,Lumen Traders,Diesel,6653,1.67,11110.51
12/15/2024,INV2083,Nexus Fuels,Gasoline,4175,1.57,6554.75
12/16/2024,INV2084,Cash Customer,Gasoline,10315,1.58,16297.7
12/16/2024,INV2085,Cash Customer,Diesel,11768,1.57,18475.76
12/16/2024,INV2086,Helix Petroleum,Diesel,4304,1.6,6886.4
12/16/2024,INV2087,Beta Logistics,Gasoline,2981,1.58,4709.98
12/16/2024,INV2088,Civic Petroleum,Diesel,6753,1.55,10467.15
12/16/2024,INV2089,Giga Haulers,Gasoline,3075,1.45,4458.75
12/16/2024,INV2090,Beta Logistics,Diesel,2039,1.69,3445.91
12/17/2024,INV2091,Cash Customer,Gasoline,14022,1.52,21313.44
12/17/2024,INV2092,Cash Customer,Diesel,17349,1.68,29146.32
12/17/2024,INV2093,Lumen Traders,Diesel,3148,1.65,5194.2
12/17/2024,INV2094,MaxDrive Ltd,Diesel,2960,1.56,4617.6
12/17/2024,INV2095,Kappa Transporters,Gasoline,6354,1.46,9276.84
12/18/2024,INV2096,Cash Customer,Gasoline,18836,1.58,29760.88
12/18/2024,INV2097,Cash Customer,Diesel,13926,1.62,22560.12
12/18/2024,INV2098,MaxDrive Ltd,Diesel,4680,1.66,7768.8
12/18/2024,INV2099,Kappa Transporters,Diesel,7301,1.64,11973.64
12/18/2024,INV2100,Beta Logistics,Diesel,2422,1.65,3996.3
12/18/2024,INV2101,Giga Haulers,Gasoline,5785,1.53,8851.05
12/18/2024,INV2102,Lumen Traders,Diesel,5537,1.61,8914.57
12/18/2024,INV2103,Jupiter Energy,Gasoline,5381,1.55,8340.55
12/19/2024,INV2104,Cash Customer,Gasoline,19006,1.55,29459.3
12/19/2024,INV2105,Cash Customer,Diesel,8392,1.69,14182.48
12/19/2024,INV2106,Beta Logistics,Diesel,1742,1.59,2769.78
12/19/2024,INV2107,Nexus Fuels,Gasoline,5100,1.54,7854
12/19/2024,INV2108,Nexus Fuels,Gasoline,7478,1.55,11590.9
12/19/2024,INV2109,Omega Cargo,Gasoline,5180,1.45,7511
12/20/2024,INV2110,Cash Customer,Gasoline,16333,1.46,23846.18
12/20/2024,INV2111,Cash Customer,Diesel,11473,1.59,18242.07
12/20/2024,INV2112,Ivy Fuels,Diesel,7421,1.65,12244.65
12/20/2024,INV2113,Beta Logistics,Diesel,5722,1.62,9269.64
12/20/2024,INV2114,MaxDrive Ltd,Diesel,4900,1.66,8134
12/20/2024,INV2115,Kappa Transporters,Diesel,6090,1.63,9926.7
12/21/2024,INV2116,Cash Customer,Gasoline,15583,1.5,23374.5
12/21/2024,INV2117,Cash Customer,Diesel,16504,1.67,27561.68
12/21/2024,INV2118,Helix Petroleum,Gasoline,6670,1.59,10605.3
12/21/2024,INV2119,Eagle Freight,Diesel,3806,1.64,6241.84
12/21/2024,INV2120,Jupiter Energy,Gasoline,4705,1.49,7010.45
12/21/2024,INV2121,Jupiter Energy,Gasoline,4029,1.56,6285.24
12/21/2024,INV2122,Helix Petroleum,Gasoline,5899,1.5,8848.5
12/22/2024,INV2123,Cash Customer,Gasoline,13003,1.52,19764.56
12/22/2024,INV2124,Cash Customer,Diesel,15423,1.69,26064.87
12/22/2024,INV2125,Helix Petroleum,Diesel,7528,1.69,12722.32
12/22/2024,INV2126,Lumen Traders,Gasoline,3660,1.58,5782.8
12/22/2024,INV2127,Delta Haulage,Diesel,5994,1.59,9530.46
12/22/2024,INV2128,Omega Cargo,Gasoline,7249,1.59,11525.91
12/23/2024,INV2129,Cash Customer,Gasoline,13311,1.5,19966.5
12/23/2024,INV2130,Cash Customer,Diesel,12330,1.58,19481.4
12/23/2024,INV2131,Falcon Movers,Diesel,7989,1.63,13022.07
12/23/2024,INV2132,MaxDrive Ltd,Gasoline,4269,1.57,6702.33
12/23/2024,INV2133,MaxDrive Ltd,Gasoline,3507,1.57,5505.99
12/23/2024,INV2134,Delta Haulage,Diesel,2663,1.63,4340.69
12/23/2024,INV2135,MaxDrive Ltd,Diesel,7094,1.7,12059.8
12/23/2024,INV2136,Giga Haulers,Diesel,5281,1.67,8819.27
12/24/2024,INV2137,Cash Customer,Gasoline,13785,1.49,20539.65
12/24/2024,INV2138,Cash Customer,Diesel,12632,1.61,20337.52
12/24/2024,INV2139,Omega Cargo,Diesel,7024,1.58,11097.92
12/24/2024,INV2140,Eagle Freight,Gasoline,5120,1.52,7782.4
12/24/2024,INV2141,Kappa Transporters,Gasoline,4994,1.47,7341.18
12/24/2024,INV2142,Omega Cargo,Diesel,7358,1.67,12287.86
12/24/2024,INV2143,Ivy Fuels,Diesel,6299,1.59,10015.41
12/25/2024,INV2144,Cash Customer,Gasoline,18991,1.55,29436.05
12/25/2024,INV2145,Cash Customer,Diesel,11329,1.56,17673.24
12/25/2024,INV2146,Delta Haulage,Gasoline,3543,1.5,5314.5
12/25/2024,INV2147,Kappa Transporters,Gasoline,2593,1.46,3785.78
12/25/2024,INV2148,Delta Haulage,Diesel,7157,1.66,11880.62
12/25/2024,INV2149,MaxDrive Ltd,Diesel,7446,1.57,11690.22
12/25/2024,INV2150,MaxDrive Ltd,Gasoline,7479,1.52,11368.08
12/25/2024,INV2151,Omega Cargo,Gasoline,3693,1.5,5539.5
12/26/2024,INV2152,Cash Customer,Gasoline,10472,1.54,16126.88
12/26/2024,INV2153,Cash Customer,Diesel,8289,1.57,13013.73
12/26/2024,INV2154,Giga Haulers,Gasoline,7512,1.5,11268
12/26/2024,INV2155,Falcon Movers,Diesel,6415,1.57,10071.55
12/26/2024,INV2156,Alpha Transport,Diesel,5125,1.63,8353.75
12/27/2024,INV2157,Cash Customer,Gasoline,11200,1.52,17024
12/27/2024,INV2158,Cash Customer,Diesel,14235,1.56,22206.6
12/27/2024,INV2159,Jupiter Energy,Gasoline,6757,1.51,10203.07
12/27/2024,INV2160,Nexus Fuels,Diesel,4021,1.61,6473.81
12/27/2024,INV2161,MaxDrive Ltd,Diesel,4611,1.58,7285.38
12/27/2024,INV2162,Falcon Movers,Gasoline,4312,1.52,6554.24
12/27/2024,INV2163,Omega Cargo,Gasoline,7697,1.58,12161.26
12/27/2024,INV2164,Helix Petroleum,Diesel,4537,1.62,7349.94
12/28/2024,INV2165,Cash Customer,Gasoline,17358,1.53,26557.74
12/28/2024,INV2166,Cash Customer,Diesel,9359,1.62,15161.58
12/28/2024,INV2167,Ivy Fuels,Diesel,6675,1.67,11147.25
12/28/2024,INV2168,Omega Cargo,Diesel,3609,1.56,5630.04
12/28/2024,INV2169,Eagle Freight,Gasoline,5022,1.5,7533
12/29/2024,INV2170,Cash Customer,Gasoline,16071,1.51,24267.21
12/29/2024,INV2171,Cash Customer,Diesel,15546,1.6,24873.6
12/29/2024,INV2172,Jupiter Energy,Diesel,2250,1.67,3757.5
12/29/2024,INV2173,Jupiter Energy,Gasoline,1175,1.51,1774.25
12/29/2024,INV2174,Nexus Fuels,Diesel,3703,1.69,6258.07
12/29/2024,INV2175,Omega Cargo,Gasoline,1120,1.59,1780.8
12/30/2024,INV2176,Cash Customer,Gasoline,17397,1.48,25747.56
12/30/2024,INV2177,Cash Customer,Diesel,11142,1.58,17604.36
12/30/2024,INV2178,Delta Haulage,Diesel,4472,1.61,7199.92
12/30/2024,INV2179,Alpha Transport,Gasoline,1180,1.57,1852.6
12/30/2024,INV2180,Civic Petroleum,Gasoline,4143,1.55,6421.65
12/31/2024,INV2181,Cash Customer,Gasoline,10744,1.59,17082.96
12/31/2024,INV2182,Cash Customer,Diesel,13616,1.59,21649.44
12/31/2024,INV2183,Falcon Movers,Gasoline,4880,1.46,7124.8
12/31/2024,INV2184,Jupiter Energy,Gasoline,1611,1.59,2561.49
12/31/2024,INV2185,Ivy Fuels,Diesel,4099,1.66,6804.34
